user_id,ks_count,ks_rate,dwell_mean,dwell_std,flight_mean,flight_std,digraph_mean,digraph_std,backspace_rate,accuracy,wps,wpm
user1,46,3.3220408019194827,0.16436697089153787,0.15640807583297456,0.13968954086303711,0.3628816709253741,0.3057946152157254,0.335344121399892,0.0,0.6499645047233771,38.99787028340263
user1,58,2.46557091112059,0.16427793996087436,0.14795793589506046,0.24554110409920676,0.38581370866601344,0.4113419808839497,0.3567077206991504,0.034482758620689655,0.3825885896566433,22.955315379398595
user1,63,3.1676411760053953,0.17406935918898808,0.17423015973267394,0.1439072047510455,0.263849147179679,0.31925379076311666,0.2190540480443026,0.07936507936507936,0.4525201680007708,27.151210080046248
user1,55,3.088526909298814,0.1901885596188632,0.19825122248474136,0.13606428658520733,0.18651783488337087,0.32812702655792236,0.17869518361988584,0.01818181818181818,0.505395312430715,30.3237187458429
user1,71,2.714556405645041,0.16612319543328083,0.15475104002610016,0.20515056337629045,0.2676967784074499,0.3723670380456107,0.22804159137788546,0.1267605633802817,0.3440986993071179,20.645921958427074
user1,53,3.6240166979413977,0.17371838497665693,0.15400417566929625,0.10418427449006301,0.1577493881557151,0.27892364446933454,0.13684634531061254,0.0,0.6153990619145769,36.92394371487462
user1,54,3.9226554603010166,0.17480375148631908,0.1638097393975299,0.08163740050117925,0.14684364215751883,0.2579983855193516,0.13433632475914947,0.0,0.6537759100501694,39.226554603010165
user1,59,3.3569931066478826,0.17601547981130666,0.15375542921474078,0.12388673581575092,0.20287022675356853,0.30122123093440617,0.15965968814883333,0.05084745762711865,0.5120836942344228,30.72502165406537
user1,54,3.1131633172191613,0.21174027743162932,0.2866459893062888,0.11154199996084538,0.22262036936008836,0.3254716936147438,0.2841562565223398,0.0,0.5188605528698602,31.131633172191613
user1,61,3.470524000778117,0.1824626688097344,0.2645159961471713,0.10743956168492635,0.16115706711989342,0.29131895701090493,0.23909389404415732,0.06557377049180328,0.5120445247049681,30.722671482298086
user1,49,3.0596666487472297,0.1795823622723015,0.19398915247613835,0.1503183494011561,0.24928814833631507,0.3314793258905411,0.2309213152436566,0.02040816326530612,0.5619795885454095,33.718775312724574
user1,57,3.585775609512024,0.16175142923990884,0.15561591042773826,0.1192198395729065,0.18049057507835473,0.281795723097665,0.14440394422874464,0.03508771929824561,0.5661750962387406,33.97050577432444
user1,56,3.241742776947456,0.18496047598975046,0.1864123301433834,0.1257613095370206,0.21492471689247147,0.31221813722090286,0.16040424752988358,0.017857142857142856,0.5209943748665554,31.259662491993325
user1,53,3.3392217897803986,0.17250286858036834,0.1538118081852278,0.12940979920900786,0.27145495393085184,0.30345539863292986,0.24531260892711718,0.0,0.5670376624155393,34.022259744932356
user1,65,3.628777214937989,0.15666007628807654,0.1427386336018128,0.12077289074659348,0.18083270857451136,0.27832112461328506,0.14999251015042342,0.09230769230769231,0.5024460759144908,30.146764554869446
user1,59,3.524059282603456,0.17420713376190702,0.15172282089920944,0.11144544338357859,0.16467648141675434,0.2869438261821352,0.14781664620453003,0.03389830508474576,0.5375683651429001,32.25410190857401
user1,54,3.9764434973227893,0.16673750789077194,0.12881898874114295,0.08634242921505335,0.14231961920210673,0.2539213738351498,0.11215065285580418,0.0,0.6627405828871316,39.76443497322789
user1,56,2.674156458055137,0.17950390917914255,0.23918254408414535,0.1979811668395996,0.2973401599174592,0.37936832254583186,0.3034756921908308,0.05357142857142857,0.4297751450445756,25.786508702674535
user1,55,2.8832145881308957,0.1923888943412087,0.2334974378176273,0.15730631351470947,0.300653301754439,0.3510972128974067,0.28160944816684197,0.01818181818181818,0.4717987507850557,28.30792504710334
user1,53,3.631684291784835,0.18026348779786308,0.17426417444487707,0.0969195136657128,0.17951670649314802,0.2785661724897531,0.15239153628814658,0.0,0.6167011061521418,37.00206636912851
user1,54,3.350088022257754,0.17347579532199436,0.16581623511712465,0.12738276427646852,0.20413246169265528,0.30218288133729176,0.19172937607218737,0.0,0.5583480037096257,33.50088022257754
user1,57,3.307938372905557,0.17816654841105142,0.19642839893058414,0.1263532681124551,0.20482473850504027,0.3056520308767046,0.20955135065117073,0.03508771929824561,0.5223060588798247,31.338363532789483
user1,56,3.073451118175604,0.18972445811544145,0.30805858061926045,0.13810891238125889,0.2993727876213293,0.32895275462757456,0.19370857292438395,0.03571428571428571,0.4939475011353649,29.636850068121895
user1,66,2.5676786686274187,0.18904055248607288,0.21026547633923343,0.2034996069394625,0.30203194954620655,0.39337480985201323,0.2671053156831438,0.09090909090909091,0.35013800026737524,21.008280016042516
user1,60,3.225377570214292,0.1786436716715495,0.19172481385455833,0.1336246264182915,0.216857580004153,0.3137668391405526,0.20473274931611024,0.05,0.48380663553214387,29.028398131928633
user1,62,3.159424858398523,0.1948527289975074,0.22630710545908833,0.12365501044226475,0.2071486743874069,0.3200698797820044,0.23783841884335757,0.04838709677419355,0.45862618912236625,27.517571347341974
user1,56,3.4765700801715353,0.15502093945230758,0.138814941151721,0.1350301352414218,0.23289201048144667,0.29092000181024724,0.1891895467837152,0.03571428571428571,0.5587344771704253,33.52406863022552
user1,54,3.3892464393427204,0.1661746590225785,0.13207732748048204,0.13130780435957998,0.24177581075365615,0.2989740011827001,0.20119960272914336,0.018518518518518517,0.5648744065571201,33.892464393427204
user1,53,4.0400222579310965,0.18251022302879477,0.14791069700205944,0.06626341893122746,0.1852600080288441,0.2503014894632193,0.15125235423356842,0.0,0.6860415154977333,41.162490929864
user1,55,3.3446258772029154,0.17766772616993298,0.20016332719794508,0.12356603145599365,0.21946379688267587,0.30275143517388237,0.22824309872611467,0.01818181818181818,0.547302416269568,32.83814497617408
user1,56,3.2304175494528997,0.18145860944475448,0.1731672461216803,0.13042796741832385,0.29822736902381036,0.3131194894964045,0.2730214728155975,0.0,0.519174249019216,31.15045494115296
user1,55,3.5139172920654547,0.17260678898204457,0.14984751691518286,0.11404951854988381,0.18376460451107954,0.2873401023723461,0.1500789406558437,0.01818181818181818,0.5750046477925289,34.500278867551735
user1,57,3.348144761326867,0.18916660442686917,0.1845178193161028,0.11146173306873866,0.18980044237329535,0.3017931452819279,0.16358753230019685,0.03508771929824561,0.528654435998979,31.71926615993874
user1,58,3.280792853943054,0.17588862057389884,0.1931899370010583,0.13117742956730358,0.2780295158738566,0.30877783842254103,0.2798373728037159,0.034482758620689655,0.5090885463015083,30.5453127780905
user1,50,2.957472039671534,0.1745250129699707,0.17116044550462714,0.16694040687716738,0.3007274229053227,0.3421433701807139,0.2722767326322814,0.0,0.5323449671408762,31.940698028452573
user1,73,3.6023909062770443,0.14749764416315783,0.1275514627147853,0.13190265827708775,0.22672863830268022,0.2799879577424791,0.17815003416345568,0.136986301369863,0.44413038570538904,26.647823142323343
user1,55,3.89913883567243,0.1650938554243608,0.15678717588688149,0.09306512497089527,0.1665485783934523,0.2592428348682545,0.1322918161475595,0.01818181818181818,0.6380409003827613,38.28245402296568
user1,56,3.7879960367490138,0.17003890020506723,0.15889536040502944,0.09566116333007812,0.18892783256446982,0.2667447827079079,0.19212300128979448,0.017857142857142856,0.6087850773346629,36.52710464007978
user1,54,3.8742874279730457,0.1673231522242228,0.2167085374676904,0.09250182475683824,0.1716022371114746,0.26110677449208386,0.21123241620498626,0.018518518518518517,0.6457145713288409,38.74287427973046
user1,53,3.6709586311815325,0.16816383937619767,0.1426492348789362,0.10624927282333374,0.2427482372397833,0.27565226646570057,0.19537295686385525,0.0,0.623370333596864,37.40222001581184
user1,60,3.7723821113726332,0.16382203499476114,0.15898922207914135,0.10297877101574913,0.17581883937988801,0.26780994463775115,0.1514987207898562,0.05,0.565857316705895,33.9514390023537
user1,60,3.2699135535408432,0.19336406787236532,0.20153212724926062,0.11436042139085673,0.2723484400563264,0.30919933319091797,0.2307062558330119,0.03333333333333333,0.49048703303112645,29.429221981867588
user1,52,3.651027768134222,0.1590182506121122,0.1269542451919917,0.11712972323099773,0.20112634381977842,0.27621862000110103,0.15145455393945922,0.0,0.6319086521770769,37.91451913062461
user1,55,3.1334025048777674,0.18059274066578257,0.19298211014058217,0.14111487512235288,0.19917421488292142,0.3232023495214957,0.19601213227986006,0.03636363636363636,0.512738591707271,30.764315502436258
user1,59,3.089689400010615,0.18016255912134202,0.16811141178447284,0.14596861395342597,0.32409322452398803,0.32770019975201836,0.2973296241616818,0.03389830508474576,0.4713085525439921,28.278513152639526
user1,61,3.259833086483754,0.20797304247246415,0.22488124239621607,0.1004376490910848,0.19931982792932995,0.3099456787109375,0.2456491326258494,0.04918032786885246,0.4809589799730129,28.857538798380773
user1,55,3.451730360618406,0.1891629479148171,0.19519189237672413,0.1024087976526331,0.2054015869169367,0.2930440726103606,0.20250421299243102,0.01818181818181818,0.5648286044648301,33.8897162678898
user1,76,3.338103089690295,0.18390508388218127,0.23832245405538346,0.11720846811930338,0.2891691146856096,0.3022849210103353,0.21172090851569914,0.14473684210526316,0.3953016816738507,23.718100900431043
user1,63,3.5534767681576303,0.18026086262294225,0.1511627731050268,0.10278517969192998,0.20142822598156987,0.28430153093030375,0.15019537114380518,0.047619047619047616,0.5076395383082329,30.458372298493977
user1,53,3.410168450866204,0.1577889379465355,0.11546015383222907,0.1380565487421476,0.24729092821185567,0.29645636906990636,0.22170804128939234,0.0,0.5790852086376572,34.74511251825943
user1,53,3.8683552885677472,0.1626632978331368,0.1297201769917157,0.09768766164779663,0.21933903866575846,0.26190027365317714,0.1799059442057409,0.0,0.6568905207001835,39.41343124201101
user1,53,3.916629731753513,0.16727946389396237,0.14582869484286773,0.08973520994186401,0.19486768536958823,0.2581097254386315,0.14850309268565917,0.0,0.6650880676562568,39.90528405937541
user1,86,3.992219872581045,0.16368622332811356,0.14061532980318875,0.15021470993284194,0.25842874598836635,0.25302948951721194,0.23788947019491444,0.18604651162790697,0.4177904517817373,25.067427106904237
user1,63,3.392585963496119,0.15359380987823987,0.12958391655385126,0.14459872245788574,0.24159404802319684,0.29806513171042165,0.21833718706231509,0.07936507936507936,0.4846551376423027,29.079308258538163
user1,21,2.221464351743437,0.19917841184706914,0.24252512039568805,0.26352386474609374,0.38148000788606456,0.4663006544113159,0.5189045372869662,0.0,0.9520561507471873,57.123369044831236
user1,58,3.383030718944414,0.1734560152579998,0.15336913402695967,0.12427967891358492,0.2198575172242728,0.29643399255317554,0.19984973306024933,0.034482758620689655,0.5249530425948228,31.497182555689367
user1,53,3.4024757897557,0.1883232368613189,0.1859298038753684,0.10761078962912926,0.20649503462710037,0.29751365918379563,0.1872528615410266,0.0,0.5777789076943641,34.66673446166185
user1,53,3.6690896673546667,0.16415821381334988,0.12311912076112341,0.11047335771413949,0.2071395047936995,0.2754451265701881,0.16881105181294634,0.0,0.6230529623809812,37.38317774285887
user1,62,3.510304187169393,0.16287208757092875,0.13510316167307387,0.12400356667940735,0.24829882801018063,0.28744681936795596,0.20271881605123138,0.06451612903225806,0.5095602852342668,30.573617114056006
user1,55,3.5362345411130476,0.18016417676752264,0.13944658175692823,0.104522912590592,0.2444597862095722,0.2862467147685863,0.24693443074813698,0.0,0.5786565612730441,34.719393676382644
user1,55,3.338398091999276,0.17698959003795278,0.17225163124993392,0.12482481532626682,0.21690400054158496,0.3037535349527995,0.17064239417606433,0.01818181818181818,0.5462833241453361,32.77699944872017
user1,60,3.2245596563660914,0.16919869979222615,0.14936898470845078,0.14330965785656946,0.26268207685912404,0.31383289320994234,0.22912908929715806,0.05,0.48368394845491375,29.021036907294825
user1,57,3.541112028366775,0.15432490382278174,0.1209861778663038,0.1303592664854867,0.2137278790576305,0.28665775060653687,0.1775043618018471,0.03508771929824561,0.5591229518473856,33.54737711084314
user1,54,3.662471613681783,0.18516997496287027,0.16082227357778547,0.08952760246564757,0.18451270596269925,0.2766849589797686,0.18859306547594332,0.0,0.6104119356136306,36.62471613681784
user1,55,2.9741134098464936,0.18497220819646662,0.15700250400972346,0.15406360449614348,0.2001339711520845,0.34005539064054136,0.16420491737045992,0.0,0.4866731034294262,29.20038620576557
user1,56,2.8213489467794624,0.2168791208948408,0.32433952349020706,0.14006237550215286,0.2681026096767647,0.3588926662098278,0.262729723715944,0.017857142857142856,0.4534310807324136,27.205864843944816
user1,56,3.5460939782067147,0.1951900294848851,0.1982229027789661,0.08838876377452504,0.17069479410150662,0.28530881621620874,0.2017778037944816,0.017857142857142856,0.5699079607832219,34.19447764699331
user1,55,3.3669674848980553,0.22016318061135032,0.2760857711728559,0.07826294722380461,0.17039486287589256,0.3004717473630552,0.2626866608447639,0.0,0.5509583157105908,33.05749894263545
user1,61,3.4218080565719755,0.17542484940075484,0.17393912248014123,0.11876528263092041,0.2525238697599724,0.29522858063379925,0.2078075607152684,0.06557377049180328,0.5048569263794718,30.291415582768305
user1,57,3.929416323829021,0.17282188984385707,0.15349853200503505,0.08312720486095973,0.23715937939796,0.25718600835118977,0.148021756061172,0.03508771929824561,0.620434156394056,37.22604938364336
user1,63,3.1345101479145687,0.20813879512605213,0.23149258477943602,0.11267887392351704,0.24890488233131855,0.32238851439568306,0.27417794437280696,0.07936507936507936,0.44778716398779556,26.867229839267733
user1,64,3.469207535012656,0.19492214545607567,0.19175833355068078,0.09480952081226167,0.27298328395009863,0.2915075582171243,0.175018002915022,0.078125,0.48785730961115475,29.271438576669286
user1,58,3.191516313117834,0.2077463618640242,0.2858271469599019,0.10743668204859684,0.2882657849898174,0.31690880290248935,0.2074227974812595,0.017241379310344827,0.49523528996656047,29.71411739799363
user1,54,3.400609592817792,0.2062518420042815,0.21273382092874507,0.08946993216028754,0.18465026472895144,0.2966638780989737,0.2126345643459688,0.0,0.566768265469632,34.00609592817792
user1,53,4.026652208030684,0.18009188040247504,0.15115777106458972,0.06956594723921555,0.21904383433210087,0.25088513355988723,0.1606333049293779,0.0,0.6837711296655877,41.02626777993527
user1,52,3.7520764740001296,0.19237075402186468,0.15923150909287273,0.07560222289141487,0.24565906865477266,0.26970355650957895,0.22063167847272822,0.0,0.6493978512692532,38.96387107615519
user1,56,3.62313411643161,0.15873478565897262,0.11209080932751286,0.11940151994878595,0.23775333808445792,0.2787068410353227,0.2041432923571527,0.03571428571428571,0.5822894115693659,34.93736469416195
user1,55,4.245433140728273,0.1765972224148837,0.143553831888793,0.06004167044604266,0.10801761952761285,0.23824164160975703,0.11323698740503384,0.0,0.694707241210081,41.68243447260486
user1,59,3.8866893373516826,0.15829546168699102,0.1250697741322107,0.10069969193688755,0.1633584057509802,0.2602998100478074,0.14855509886989726,0.05084745762711865,0.5928848141722906,35.573088850337435
user1,60,4.507114820457487,0.1547680695851644,0.10890298962761383,0.06824070316250042,0.17848928632648603,0.22440456535856604,0.1317778959728474,0.05,0.6760672230686231,40.56403338411739
user1,3,0.03081989173861109,0.34777013460795086,0.3202271046440949,48.148210763931274,48.38044190406799,48.647341132164,48.088742852211,0.0,0.09245967521583327,5.547580512949996
user1,3,4.461705934539441,0.1571653683980306,0.03510056824683799,0.10044622421264648,0.0022051334381103516,0.26802778244018555,0.041225433349609375,0.0,13.385117803618323,803.1070682170994
user1,53,3.544845272807422,0.20747468606481012,0.250798682410475,0.07606017131071824,0.21373998481959527,0.2857615030728854,0.261285443466397,0.0,0.6019548576465433,36.1172914587926
user1,54,3.608071320306321,0.19275415385210956,0.165639629792192,0.08599472495744813,0.2079349223733928,0.27989978160498274,0.1937641604419557,0.0,0.6013452200510534,36.080713203063205
user1,70,3.2634397834739373,0.16968306132725308,0.1627420340528321,0.13872385025024414,0.2572697588812788,0.30982966699462006,0.20588927922385114,0.11428571428571428,0.41958511501807766,25.17510690108466
user1,57,3.8579600697202583,0.16096466884278415,0.10778981842979098,0.09999395268304008,0.2080535177501266,0.26185079557555063,0.17232227256856453,0.03508771929824561,0.6091515899558303,36.54909539734982
user1,56,4.0123305513912,0.1806668426309313,0.15618637075604866,0.06981150020252574,0.14846622567028891,0.2518345225941051,0.1116527497505017,0.03571428571428571,0.6448388386164428,38.69033031698657
user1,60,3.801516490307153,0.19356475671132406,0.1737844348787416,0.07066592523607157,0.23217265579806554,0.2658101340471688,0.18075651942405466,0.05,0.570227473546073,34.21364841276438
user1,54,3.775074748566186,0.19746842207732024,0.15115980860155354,0.06869920244756735,0.15372366218319022,0.26694676111329274,0.16186046611353877,0.0,0.629179124761031,37.75074748566186
user1,60,3.858842830345308,0.17063874403635662,0.12427993989237589,0.09000640804484739,0.20066729026599606,0.2612518617662333,0.158236661507857,0.05,0.5788264245517962,34.729585473107775
user1,66,3.1644318418742836,0.16813777432297217,0.13847803937939263,0.15014971586374137,0.2794514018420048,0.3191914668449989,0.2336771723938188,0.09090909090909091,0.4315134329828569,25.890805978971414
user1,61,3.6546207602678322,0.1783353266168813,0.1666082695899341,0.09687905708948771,0.1815618225926621,0.27628421783447266,0.1589866726988218,0.06557377049180328,0.5392063416788605,32.35238050073163
user1,54,3.775831024886877,0.1796735922495524,0.1397615318652262,0.08677572574255601,0.18191735112019738,0.2672822385464074,0.1293459015363373,0.0,0.6293051708144796,37.758310248868774
user1,54,3.6152865948010886,0.18771775122042056,0.15689666432148724,0.09056257751752746,0.20304149744048872,0.2795674530964977,0.16526056074250345,0.0,0.6025477658001814,36.152865948010884
user1,57,3.808068209906325,0.20070296839663856,0.18533900618962765,0.06300268002918788,0.22125185752184626,0.2651749977043697,0.17461085810940774,0.017543859649122806,0.601273927879946,36.07643567279676
user1,61,2.996378710021023,0.19806390512185018,0.21121160208207768,0.1379334847132365,0.245831950760072,0.3379477540651957,0.2506084245643646,0.04918032786885246,0.44208866213424924,26.525319728054953
user1,54,3.2230531178789397,0.17281568050384521,0.1536054076036069,0.1400425209189361,0.4633614714429864,0.31435649350004374,0.4452628111090608,0.0,0.5371755196464899,32.23053117878939
user1,56,4.255827689013922,0.16251914416040694,0.12619053754305654,0.07377009825272994,0.16595681181497768,0.2376302112232555,0.1051209541462313,0.017857142857142856,0.6839723071629519,41.03833842977711
user1,64,3.4374850982485703,0.21002760529518127,0.30933050263521705,0.08216659984891377,0.24574518935214726,0.29404169794112917,0.1983888540167145,0.0625,0.4833963419412052,29.00378051647231
user1,59,3.3706780248146386,0.1942115193706448,0.23113405602138373,0.10423132879980679,0.2315234447564341,0.30062765499641153,0.18799576261658033,0.05084745762711865,0.514171224124267,30.85027344745602
user2,63,3.815895512502469,0.15164737474350704,0.11562403840629076,0.11219518415389522,0.26161664617196917,0.26486357565849056,0.19380037076329065,0.06349206349206349,66.66666666666666,0.5451279303574956,32.70767582144974
user2,54,3.262816010530331,0.15378008948432076,0.11478625811687271,0.15558483465662543,0.2757207391736623,0.3092777729034424,0.2199120590077218,0.0,77.77777777777779,0.5438026684217219,32.62816010530331
user2,53,3.3418661939085994,0.17240834685991396,0.12890086398239864,0.12926461146428034,0.25655014744207716,0.3030385695970975,0.18351017002356126,0.0,88.88888888888889,0.5674867121731584,34.0492027303895
user2,58,3.2600655530529266,0.1647963441651443,0.10694166216008236,0.1444362339220549,0.27434877178460454,0.3096394873501962,0.22643166914612814,0.034482758620689655,100.0,0.5058722409909714,30.352334459458284
user2,56,2.596118485986288,0.17977704320635116,0.1296027848315224,0.2091481772336093,0.531594808259611,0.3905877243388783,0.49320730480784336,0.0,66.66666666666666,0.4172333281049391,25.033999686296347
user2,56,2.674461284512148,0.16866208423267712,0.13658524417628234,0.20643105330290618,0.5542522562380882,0.3788126902146773,0.5097341573570349,0.017857142857142856,88.88888888888889,0.42982413501088096,25.78944810065286
user2,53,3.3881715563950476,0.169175552871992,0.14418994598772036,0.1283913667385395,0.5207396244021133,0.2984814918958224,0.4754712602497443,0.0,88.88888888888889,0.5753498869350081,34.520993216100486
user2,59,3.7389630651140653,0.15408580990160925,0.12428183726881054,0.11532264331291461,0.28459803888904395,0.2700886767486046,0.21749208502192655,0.03389830508474576,66.66666666666666,0.5703502980682472,34.221017884094834
user2,58,3.384293908793176,0.16828123005953702,0.14805763904116986,0.14173218939039442,0.33485344204145095,0.2988630637787936,0.26329197511557,0.017241379310344827,100.0,0.5251490548127342,31.50894328876405
user2,54,3.360520772638231,0.15426183629918983,0.10936900061282427,0.14601507276858924,0.28112101729568306,0.3015627726069037,0.2303701297989687,0.018518518518518517,66.66666666666666,0.5600867954397052,33.60520772638231
user2,54,4.2156395861476925,0.1462090324472498,0.12041257994305274,0.0927199327720786,0.2074891712897331,0.24054907852748655,0.14640912657040978,0.0,66.66666666666666,0.7026065976912821,42.15639586147692
user2,64,4.37130126676736,0.17037952171181733,0.11853236479177567,0.09163439273834229,0.2018275093454594,0.23058109056381954,0.15726721899479995,0.0,88.88888888888889,0.61471424063916,36.882854438349604
user2,62,3.830591160991939,0.15278916538886303,0.1329615041475401,0.13132212253717276,0.2998386125414846,0.2633678874031442,0.2520430368596869,0.0,77.77777777777779,0.5560535556278621,33.36321333767172
user2,54,2.6325500314579924,0.16333655591280954,0.12631554131108358,0.1382075181374183,0.33772351379039506,0.3850646738736135,0.6545393992335597,0.0,66.66666666666666,0.43875833857633206,26.325500314579923
user2,55,3.687340062207905,0.16109831116416237,0.14467148274538053,0.11213877907505741,0.2968834179722466,0.2740689207006384,0.22446836446440713,0.01818181818181818,88.88888888888889,0.6033829192703845,36.20297515622307
user2,52,3.7691493855797558,0.15807065596947303,0.11844285050955358,0.10934396351084989,0.28881916733148594,0.26803170933442955,0.23239832481942918,0.0,66.66666666666666,0.6523527782734193,39.14116669640516
user2,53,2.6459324103382538,0.15413215475262337,0.13084747085239104,0.22811041886989886,0.7695277224684081,0.3833625591718234,0.7688917115059429,0.0,77.77777777777779,0.44930927722725067,26.95855663363504
user2,53,2.2727452407001807,0.1682574838962195,0.1321963160901686,0.27696478825349075,1.1240998405827307,0.44622783018992496,1.1049997604940953,0.0,77.77777777777779,0.3859378710622948,23.15627226373769
user2,53,3.746590910393256,0.17693765208406267,0.1809923838357928,0.09170188353611873,0.28347467084373157,0.2700296319448031,0.20867564737436683,0.0,77.77777777777779,0.6362135508214963,38.17281304928978
user2,57,3.1337561033117916,0.15364749389782287,0.11617316347330262,0.1684130004474095,0.4246409349593824,0.32295494845935274,0.3726566278628793,0.03508771929824561,77.77777777777779,0.49480359525975653,29.688215715585393
user2,53,3.6370501378245925,0.15007476986579174,0.10061965866126857,0.12727473332331732,0.25301244278533913,0.27808236617308396,0.207176847446479,0.0,77.77777777777779,0.6176122875551194,37.05673725330717
user2,53,3.850951493657838,0.16796668070667195,0.11683043905064137,0.09347304472556481,0.1898107438598759,0.262274641257066,0.12246445118701582,0.0,66.66666666666666,0.6539351593003876,39.23610955802326
user2,67,3.7503388329769787,0.16283457562074824,0.13332300174490008,0.12118518352508545,0.2794522063639257,0.26879154552112927,0.2140475303217395,0.05970149253731343,77.77777777777779,0.5037768581610867,30.226611489665206
user2,82,3.3787126743743454,0.15054952014576306,0.12217062533801788,0.27069030867682564,0.9145801554981862,0.29806362552407345,0.7502172356336699,0.0,77.77777777777779,0.37083431791913546,22.250059075148126
user2,53,2.7431414095360056,0.18155154642069116,0.16336991783671392,0.18651312131148118,0.6868613716786588,0.3692316963122441,0.6569558683632332,0.0,77.77777777777779,0.4658164657702651,27.948987946215905
user2,54,3.499343028491261,0.1574813959733495,0.12061509952686555,0.12632304888505203,0.25463527315767165,0.2888519224130882,0.20811778814384982,0.0,88.88888888888889,0.5832238380818768,34.99343028491261
user2,57,3.6198017137192045,0.15333551280903365,0.11086538928911557,0.13473987120848435,0.2775544819033155,0.2791741022041866,0.22106924338214534,0.0,77.77777777777779,0.5715476390082954,34.29285834049772
user2,75,4.352729542692249,0.16954588890075684,0.15931488261822443,0.12520427174038357,0.26175256946966213,0.23100139965882172,0.19354324801646225,0.013333333333333334,88.88888888888889,0.5223275451230699,31.339652707384193
user2,53,2.1463067371422078,0.179291455250866,0.14377210703945467,0.29213719643079317,1.0847891067209032,0.472369148181035,1.0616810978868698,0.0,100.0,0.36446718177886545,21.868030906731928
user2,60,3.186335697690469,0.16486357847849528,0.1271676255781139,0.15150157475875595,0.47415227091838547,0.3170980235277596,0.4437239780671948,0.0,55.55555555555556,0.4779503546535704,28.677021279214223
user2,53,4.139445568044386,0.15777111503313174,0.14338736306524053,0.08541880662624653,0.20282549264743485,0.24481890293268058,0.12628630551414768,0.0,66.66666666666666,0.7029247191018768,42.17548314611261
user2,53,3.682880701849372,0.17067835915763424,0.13744749899480907,0.1027876092837407,0.23902141897523943,0.2717432379722595,0.16233647229638967,0.0,77.77777777777779,0.6253948361631009,37.52369016978605
user2,53,4.053239857984793,0.1559928408208883,0.10641484411576155,0.09246805539497963,0.19971166226083814,0.24914618180348322,0.13328773518601658,0.0,44.44444444444444,0.6882860136200591,41.29716081720355
user2,56,3.225354382688634,0.17353428084895295,0.12709487002146522,0.15403432570970976,0.34013213174357976,0.314017373865301,0.27626732923929803,0.0,88.88888888888889,0.5183605257892447,31.101631547354685
user2,53,3.7094358068755535,0.19073979359752727,0.18200990044008106,0.0803591929949247,0.242262931574407,0.27297924573604876,0.1143268547759715,0.0,77.77777777777779,0.629904193620377,37.79425161722262
user2,69,3.1368045411857604,0.15195122663525568,0.13175746505635696,0.16929813342935898,0.36536411851678996,0.32236236333847046,0.3177790411664639,0.10144927536231885,66.66666666666666,0.40914841841553395,24.548905104932036
user2,62,3.6529934702283886,0.17406660539132576,0.1536281657877702,0.12883892599141822,0.32833420679665976,0.27652257387755347,0.26885580635383605,0.0,77.77777777777779,0.5302732456783145,31.81639474069887
user2,54,4.114985296111085,0.14580454916324256,0.1258912024817476,0.09389123091330895,0.24388546565935026,0.24603334912713967,0.19084008300097882,0.0,66.66666666666666,0.6858308826851809,41.14985296111085
user2,66,3.0507149728605296,0.14606792999036383,0.1003711581148554,0.18451983745281514,0.34228604370554766,0.3313366119678204,0.30779731072554295,0.09090909090909091,55.55555555555556,0.41600658720825406,24.960395232495244
user2,53,3.390845417549246,0.16544044242714936,0.14402506679803975,0.13196109349911028,0.3042218030774373,0.29838074629123396,0.24130169211643823,0.0,88.88888888888889,0.5758039388291173,34.548236329747034
user2,57,3.9793536286886577,0.15447865452682763,0.12826087360372737,0.09854733943939209,0.21920448048783722,0.2541281112602779,0.16741651167638663,0.017543859649122806,77.77777777777779,0.6283189940034722,37.69913964020834
user2,86,4.902677240457772,0.1440250462499158,0.10262583504817904,0.12800731575279906,0.24290898279612602,0.20521991112652946,0.1987841697824182,0.023255813953488372,77.77777777777779,0.5130708740013947,30.784252440083684
user2,68,4.475923301776442,0.17604619152141068,0.14911038359919007,0.09390421097095196,0.23602291768320346,0.22498012300747544,0.16945793296419176,0.0,55.55555555555556,0.5924016134704114,35.54409680822469
user2,60,3.1086402893123517,0.15663873947272866,0.12411353707592182,0.16309363266517377,0.30016673828141555,0.32455821764671194,0.23460973597438398,0.05,77.77777777777779,0.46629604339685277,27.977762603811165
user2,53,3.68278143245444,0.17800235748291016,0.12554461888221438,0.09533022458736713,0.215551879453171,0.2742341665121225,0.14729803255090618,0.0,88.88888888888889,0.625377979096037,37.52267874576222
user2,53,3.9262052938872634,0.15701414054294802,0.14333742554220905,0.0995632685147799,0.2493135760969831,0.2570907840361962,0.17152315026152654,0.0,88.88888888888889,0.666714106509158,40.00284639054948
user2,62,4.275429516532253,0.16427628499157024,0.1582838531407284,0.096440668289478,0.24505703841737353,0.23620886099143107,0.1673588787066663,0.0,77.77777777777779,0.620626865303069,37.237611918184136
user2,53,4.204034992543685,0.15962986226351755,0.11890093426105651,0.07974140919171847,0.19594462254666656,0.24014858557627752,0.1167916675914814,0.0,66.66666666666666,0.7138927345828898,42.83356407497339
user2,59,3.216815338991646,0.18772936317155947,0.16648184592394716,0.14829601232822126,0.4621024719189136,0.3145602612659849,0.3937278723879966,0.0,88.88888888888889,0.490700644930929,29.442038695855743
user2,55,2.1681149135851676,0.15345798405733976,0.09215711465034532,0.31347166608881066,0.804836721922908,0.4674332318482576,0.785807338142605,0.0,0.3547824404048456,21.286946424290736
user2,57,1.8683281493533885,0.15110418146306817,0.10439656981020617,0.40086103368688514,1.7398908011032672,0.5423608294555119,1.6978506826774662,0.0,0.29499918147685084,17.69995088861105
user2,54,2.834050465956021,0.1686948228765417,0.1315936285200981,0.1876317060218667,0.37736903254874277,0.3577101590498438,0.3297318320917045,0.0,0.47234174432600345,28.340504659560207
user2,53,3.159826160609173,0.18162528074012613,0.13977899964248558,0.13744105284030622,0.2800177264836767,0.3205519364430354,0.19713533601000716,0.0,0.5365742536883501,32.194455221301006
user2,87,4.023707541402304,0.15637790481999236,0.09698253969597105,0.21622702708611122,0.4521882619311477,0.2500765462254369,0.3666169413779527,0.0,0.4162456077312729,24.974736463876372
user2,53,2.3190455165735497,0.16612135689213592,0.11501730825108367,0.27018842788843006,0.9317092299227728,0.43785845316373384,0.9121304895817616,0.0,0.39380018205965933,23.62801092357956
user2,53,2.5761928186954894,0.18447831891617686,0.1330270243830747,0.20760852556962234,0.30831182258762363,0.3931146997671861,0.24388797648015229,0.0,0.43746670506149815,26.24800230368989
user2,55,2.14122717591464,0.18638028665022416,0.11141993444113067,0.28583868786140726,0.7825511501800632,0.4734635529694734,0.7608319593358354,0.01818181818181818,0.35038262878603194,21.022957727161916
user2,53,1.8893988051928634,0.1538325750602866,0.1106221130946608,0.3826562395462623,0.9533599715393173,0.5372466582518357,0.9284004656712644,0.0,0.32084130654218435,19.25047839253106
user2,53,2.3324438039688458,0.17502514821178508,0.10784376954173133,0.258588758798746,0.564524290367747,0.4347441242291377,0.5323053948761284,0.0,0.3960753629381059,23.764521776286355
user2,54,1.0201307681183407,0.1568702326880561,0.10556995280201316,0.8389320283565881,4.607560979904817,0.9970276805589784,4.5974443602365,0.0,0.17002179468639014,10.201307681183408
user2,52,3.061946963034747,0.16340919182850763,0.10439400150893047,0.166380012736601,0.3178532025321278,0.33117085812138575,0.2879941044908028,0.0,0.5299523589867831,31.797141539206983
user2,53,3.9739071363129477,0.158434881354278,0.13916901943984666,0.09499906576596774,0.19217885935267584,0.2542646527290344,0.1288119947366699,0.0,0.6748144193738967,40.488865162433804
user2,53,2.5655475794649334,0.16911574129788381,0.14974606247185573,0.22490814557442299,0.3734313051521947,0.39546958758280826,0.3082981959039756,0.0,0.43565902292800757,26.139541375680455
user2,54,2.9397936577350885,0.14993389147632527,0.10638076507564166,0.19049774683438814,0.5324512091552542,0.3444358447812638,0.49836682060975557,0.0,0.48996560962251473,29.397936577350883
user2,53,3.1939736805425336,0.1662116455581953,0.12576031235861665,0.1497025489807129,0.3173143942875071,0.3174576438390292,0.2801103608759863,0.0,0.5423728891487322,32.54237334892393
user2,54,2.880456627563169,0.15649785818877043,0.09953901993835106,0.1942668545920894,0.3318354652160729,0.35164549215784613,0.29397747511518185,0.018518518518518517,0.4800761045938615,28.804566275631693
user2,53,3.2421962459278224,0.16451502746006227,0.11256591950059704,0.1466855269211989,0.323979819948256,0.31249133898661685,0.2898833895854856,0.0,0.5505616266669887,33.03369760001932
user2,51,3.116451459200084,0.1644014564214968,0.12580768122964958,0.15960584163665772,0.3380209996581721,0.3240478420257568,0.28811466692212656,0.0,0.5499620222117795,32.99772133270677
user2,53,3.458994801038423,0.16204623006424815,0.12114657204882431,0.12949846799557024,0.21926651480961548,0.2925844100805429,0.1651293820749534,0.0,0.5873764756480341,35.242588538882046
user2,53,3.7383325280911253,0.167759526450679,0.13681913456984965,0.10165748229393592,0.19744107372696246,0.27032546355174136,0.13111242363237477,0.0,0.6348111840154741,38.088671040928446
user2,54,3.278816908815524,0.15841135888729455,0.11486561430676412,0.14530882927087638,0.2882842592339437,0.30865675098491163,0.24297223673220397,0.0,0.5464694848025873,32.788169088155236
user2,52,3.2219320843347345,0.15504353321515596,0.11562740424166612,0.15837491259855382,0.28411343300112085,0.31434251280391917,0.2223555485112562,0.0,0.5576420915194733,33.4585254911684
user2,73,1.2584808427193197,0.1521504465139137,0.09739793107739915,0.93840826016206,5.5910752757672375,0.8025671806600359,4.756866415169789,0.0,0.1551551723900531,9.309310343403187
user2,52,3.8289703758910605,0.14806200449283308,0.10350906303408317,0.11532255247527477,0.19466155072681962,0.2641049132627599,0.14463865195845743,0.0,0.6627064112119143,39.76238467271486
user2,53,3.7578027388005033,0.15497196845288547,0.11314657178941545,0.11327831561748798,0.20647953111029682,0.2684873938560486,0.12909492075974868,0.0,0.6381174462114062,38.28704677268437
user2,58,3.2299172550693824,0.16605678509021626,0.16275555537768363,0.14606706719649465,0.3322599367456445,0.3135131367465906,0.2543609033557621,0.034482758620689655,0.5011940568211111,30.071643409266663
user2,53,3.2508249787908556,0.1655740737915039,0.11015393581929213,0.14477169055205125,0.24961716568391104,0.3112138509750366,0.1971193090984725,0.0,0.5520268831909,33.121612991454
user2,52,1.8061876706366216,0.1636324983376723,0.1171809270973261,0.39766727241815303,1.176477981103907,0.5621511842690262,1.1596488594177607,0.0,0.3126094045332614,18.756564271995686
user2,52,3.2845081821001343,0.17574194761422965,0.13677475265701863,0.13124151323355882,0.22208387089838286,0.30814548099742217,0.14198258896709703,0.0,0.5684725699788694,34.108354198732165
user2,53,3.1365762251287888,0.17018977201209878,0.10251584369953401,0.15148745133326605,0.2120210275570724,0.32193323282095104,0.13797845776087597,0.0,0.5326261514369641,31.95756908621785
user2,53,2.416572448892048,0.17325327981193112,0.10959370248318932,0.24518203276854295,0.31613343961102586,0.41968310796297514,0.2622557522056894,0.0,0.4103613592458195,24.62168155474917
user2,53,3.1637095100805492,0.16334995683634057,0.08556411501712285,0.1556718945503235,0.1782197792393624,0.3195198132441594,0.1176347200989213,0.0,0.5372336903910366,32.234021423462195
user2,54,3.0542768427736706,0.18499181855399655,0.1373056764507777,0.1481103255198552,0.23582571129287253,0.331428698773654,0.16847000643825658,0.0,0.5090461404622785,30.542768427736707
user2,53,1.5021747390717888,0.18104946838234956,0.14672229072887671,0.4939722785582909,1.9817358441406407,0.6768316168051499,1.9581835996954495,0.0,0.2550862764461528,15.305176586769168
user2,53,3.758610800239214,0.18109128610143121,0.12152412193086945,0.08659839171629685,0.17060343922212753,0.26815710159448475,0.082219636147439,0.0,0.6382546641915646,38.29527985149388
user2,53,3.3011330095552203,0.16841286533283736,0.10124782226999869,0.13710022889650786,0.19509852206119557,0.306764685190641,0.13743051942409162,0.0,0.5605697563395657,33.63418538037394
user2,52,3.8686757058946077,0.14589623304513785,0.10186650573211857,0.11479780253242045,0.26092286264277176,0.2618434662912406,0.21805353606396613,0.0,0.6695784875586821,40.17470925352092
user2,53,3.1464100140536595,0.1461641068728465,0.14595512002143401,0.17495954953707182,0.5311893758675207,0.32147340132639957,0.48810700654340544,0.0,0.5342960401223196,32.057762407339176
user2,65,4.086272632908746,0.1649147204633029,0.10388644599949098,0.1208630708547739,0.19082257232624777,0.24720081314444542,0.1574523253930157,0.0,0.5657915953258263,33.94749571954958
user2,52,4.059852385153277,0.14609521627426147,0.10557539662203623,0.10218423955580767,0.20479489927006028,0.24895351073321173,0.14083610423230863,0.0,0.7026667589688363,42.16000553813018
user2,52,4.241556736549939,0.1353215345969567,0.10998382808751477,0.10241039126527075,0.18841787050371883,0.2384353104759665,0.11991181366639767,0.0,0.7341155890182588,44.046935341095526
user2,53,3.879396885653762,0.16736320729525583,0.1405088645431811,0.09214745118067814,0.17642799130719672,0.26009132311894345,0.10402234241746613,0.0,0.6587655088846011,39.525930533076064
user2,55,2.7344269244684694,0.16430631984363903,0.11956760413658216,0.20513066980573866,0.40995217632724934,0.3702495539629901,0.38312317712523847,0.01818181818181818,0.4474516785493859,26.847100712963154
user2,53,3.5523196164957955,0.16601787873034207,0.1174123338370806,0.11770925155052772,0.2235997475870027,0.28510398131150466,0.15622922388737612,0.0,0.6032240858200407,36.19344514920245
user2,54,3.8069596712989533,0.15350242455800375,0.10700903965604826,0.11123427355064536,0.25535503438801255,0.2659454975488051,0.20138123693506477,0.0,0.6344932785498255,38.06959671298953
user2,53,3.1561014056185415,0.158359613058702,0.10337251496277541,0.16153481373420128,0.33280456208419223,0.3211294458462642,0.29451071411002444,0.0,0.5359417481239033,32.156504887434195
user2,53,2.7102012646933047,0.15401999455577922,0.10235724331553414,0.21909006742330697,1.0052780407974748,0.37470322388869065,0.9791305638551544,0.0,0.4602228562686744,27.61337137612046
user2,53,3.1794468739521538,0.16975204449779582,0.13605660389243693,0.14755207300186157,0.22777970039444537,0.3186394434708815,0.17306075476656302,0.0,0.5399060729352714,32.394364376116286
user2,57,3.086843854036792,0.17420752265236594,0.14424563225547718,0.1543415078410396,0.29160935981884045,0.3282636361462729,0.2195764111986225,0.017543859649122806,0.4873963980058093,29.24378388034856
user3,61,3.8803598596453592,0.12779707595950268,0.10027584039285727,0.13207616408665976,0.16053510970873563,0.2608127276102702,0.11669627835486879,0.06557377049180328,100.0,0.5725121104394792,34.350726626368754
user3,71,3.469146297303583,0.1231285249683219,0.0906579675924652,0.16748578548431398,0.26219101794858846,0.29087635449000765,0.2302669751951704,0.11267605633802817,88.88888888888889,0.4397509390948204,26.38505634568922
user3,54,4.066227838069379,0.13035654138635705,0.08590561024070738,0.11775223264154398,0.21223258207222198,0.24797582626342773,0.17852708132271175,0.0,100.0,0.6777046396782298,40.66227838069379
user3,53,3.510670309519463,0.14401533918560677,0.13120843378642616,0.14353882807951707,0.19636470795473898,0.2890920042991638,0.15711688148093478,0.0,100.0,0.5961515619938711,35.76909371963227
user3,87,4.3679105719456,0.11887895315885544,0.10572320979790345,0.16082112372867644,0.2517060855632147,0.23059040169383205,0.22924485642104706,0.05747126436781609,100.0,0.45185281778747594,27.111169067248557
user3,57,3.7302741283925904,0.12244391023067006,0.07877633669878117,0.14823349033083236,0.266413210652074,0.2718643035207476,0.24056703422259232,0.03508771929824561,100.0,0.5889906518514617,35.3394391110877
user3,56,3.6457369300908624,0.13715296658602627,0.1200713730029435,0.13530026541815865,0.18309797859914337,0.278405068137429,0.14960390564963566,0.017857142857142856,100.0,0.5859220066217458,35.15532039730475
user3,62,3.1616579242107914,0.13993502047754103,0.12170398884388396,0.17924579245145203,0.25290128170162657,0.32001471519470215,0.21274566515200596,0.06451612903225806,100.0,0.45895034383705036,27.537020630223022
user3,57,3.8063276290957053,0.12128515513438098,0.08715098263178768,0.13449595066217276,0.2038225973414969,0.2655846859727587,0.18965798187679547,0.0,100.0,0.6009990993309008,36.05994595985405
user3,52,3.90851909675181,0.13779030854885393,0.10067807501648195,0.1203759932050518,0.15639337387043195,0.2595958709716797,0.1093136181338221,0.0,88.88888888888889,0.6764744590531979,40.588467543191875
user3,64,4.11517024076315,0.1262049761685458,0.10026132907645202,0.12777688768174914,0.18521467266744612,0.24494840985252744,0.16937826989415855,0.015625,100.0,0.5786958151073179,34.721748906439075
user3,78,3.8312005888855927,0.14438589413960776,0.12322356268268028,0.1210928285444105,0.24188761753014895,0.2636668774988744,0.20061210655104997,0.10256410256410256,100.0,0.4420616064098761,26.523696384592565
user3,84,3.89474738695891,0.13546846026466006,0.11672902961610039,0.12274889773633106,0.2146919233033651,0.2586134801428002,0.17535167906939433,0.16666666666666666,100.0,0.4172943628884546,25.037661773307278
user3,64,4.9201152503903405,0.12340831315075909,0.09299906680818797,0.10442780548671507,0.15371365507856477,0.20545970447479733,0.13176398945944665,0.0,100.0,0.6918912070861416,41.513472425168494
user3,59,4.081209668061396,0.13070418066897635,0.10915865641531008,0.11629226701012974,0.18295432657331334,0.2481570449368707,0.14594158418858016,0.05084745762711865,100.0,0.6225574069924164,37.35344441954498
user3,54,3.9873766519185128,0.12749424070682167,0.08405112749769943,0.12070917166196383,0.19199914740797644,0.2531320868798022,0.16383185146895426,0.0,100.0,0.664562775319752,39.873766519185125
user3,70,4.6020648258822,0.13088430298699272,0.09380571464076652,0.12575823855849932,0.3193554208682823,0.21959771280703339,0.28430825321479936,0.0,100.0,0.5916940490419972,35.50164294251983
user3,53,4.494223004309477,0.13680581326754587,0.1071030261421323,0.08735017593090351,0.15437054088077196,0.2252596800143902,0.12025814467730905,0.0,100.0,0.7631699441280244,45.79019664768146
user3,56,3.8043216309273413,0.13594435745815062,0.10699043091205335,0.1243209563768827,0.1784753555392675,0.26504517902027475,0.15537998071765974,0.0,100.0,0.6114088335418941,36.68453001251365
user3,63,5.035034380194428,0.12893586788537367,0.09034197244646915,0.09373642389590923,0.14431117504944996,0.19951903050945652,0.12658008660198594,0.0,100.0,0.7192906257420613,43.157437544523674
user3,68,4.139965251384011,0.1409205698197888,0.12759817812288413,0.11504231124627785,0.19618606561302715,0.24382380229323658,0.16590328781284477,0.04411764705882353,100.0,0.5479365773890602,32.87619464334361
user3,53,3.614164928476483,0.133565772254512,0.11731991129426782,0.14587568778258103,0.20948244810106062,0.28028964079343355,0.16420814124603897,0.03773584905660377,66.66666666666666,0.6137261199299688,36.823567195798134
user3,57,3.806178920810652,0.13051170002330434,0.11468436271146829,0.1342911367063169,0.20853331030325958,0.26614132949284147,0.1749895114132629,0.017543859649122806,100.0,0.600975619075366,36.058537144521964
user3,62,3.5997276881314826,0.12326603639321249,0.09987763351934952,0.15318866968154907,0.29247552930849097,0.28037084907781884,0.27374410849143727,0.06451612903225806,100.0,0.5225411160190861,31.35246696114517
user3,67,4.652242567104544,0.11498375942832545,0.08498803876091054,0.11724068011556353,0.20474810677270197,0.21710848447048303,0.18446511794299028,0.029850746268656716,100.0,0.6249281060289685,37.49568636173811
user3,67,4.148261271772003,0.1381780454667948,0.12546186654025376,0.1252661367942547,0.2144687785306609,0.24363392772096576,0.19035172293890676,0.04477611940298507,100.0,0.5572291260589258,33.43374756353555
user3,76,2.492104354239251,0.1364800521305629,0.10710290378132864,0.28683042180710944,0.9419785643003336,0.40543771743774415,0.8894524167944985,0.07894736842105263,88.88888888888889,0.2951176208967534,17.707057253805203
user3,109,4.820129645053155,0.12388485250338702,0.08358171852876169,0.15925426823752267,0.30241487240183496,0.2082083821296692,0.25331145082049694,0.07339449541284404,88.88888888888889,0.39799235601356325,23.879541360813796
user3,70,3.9310520575466557,0.14006152550379436,0.12447097266611663,0.145652823529001,0.2142578538189687,0.25656273745108343,0.18692706639427598,0.04285714285714286,100.0,0.5054209788274272,30.325258729645633
user3,87,4.718245351327528,0.14407961330716573,0.12544911733891667,0.13058061753549882,0.23871438322600066,0.21330348835435026,0.20968418112912937,0.04597701149425287,100.0,0.48809434668905466,29.28566080134328
user3,72,3.8907638431989766,0.136401339182778,0.1035014228067161,0.13993133652594783,0.22688047723558147,0.25938205987634794,0.1942955652120528,0.05555555555555555,100.0,0.4863454803998721,29.180728823992325
user3,69,3.1353840952277485,0.1481417365696119,0.13891799202658933,0.1733101956984576,0.30611386680064373,0.3222204657161937,0.26447146186966236,0.10144927536231885,100.0,0.40896314285579327,24.537788571347598
user3,56,3.0079460244060563,0.1447919325395064,0.11630193429333718,0.18803071975708008,0.4190982891662989,0.3368717236952348,0.38779699509035653,0.017857142857142856,88.88888888888889,0.4834198967795447,29.005193806772684
user3,60,4.164414194744832,0.15292372793521522,0.1250820287766691,0.10762043182666485,0.19593357698492944,0.24311454821441134,0.15343516738261292,0.0,100.0,0.6246621292117248,37.47972775270349
user3,81,4.3065433116433045,0.13883501566373385,0.13005545104238128,0.12997343391180038,0.2084351638319502,0.2341178447008133,0.1890167788679916,0.06172839506172839,100.0,0.4785048124048116,28.710288744288693
user3,56,3.867483800783432,0.13880083777687766,0.10626474007367886,0.11723455234810158,0.17863486904483963,0.26164998574690385,0.13524086759913304,0.017857142857142856,100.0,0.6215598965544802,37.29359379326881
user3,55,4.058433262391988,0.14435538255943442,0.12490460268426318,0.10313111085158128,0.15453611293942415,0.24948196057920102,0.1222014957056733,0.0,100.0,0.6641072611186889,39.846435667121334
user3,90,4.2390117738760615,0.11670904274446418,0.08333948794226423,0.13219928159946348,0.18415146352305925,0.23783105946658703,0.16087169854040606,0.15555555555555556,100.0,0.4239011773876062,25.434070643256373
user3,53,3.3732395974469442,0.15566434050506017,0.1579671013006756,0.143494019141564,0.23898236657084118,0.29998703186328596,0.16852272456880113,0.0,88.88888888888889,0.5728142712645754,34.36885627587452
user3,52,4.367822029880307,0.1274791007139245,0.10320368975963613,0.11624278128147125,0.1670125736050661,0.23235285983366125,0.13685739519874243,0.0,33.33333333333333,0.755969197479284,45.35815184875704
user3,70,4.399092700076112,0.12052009873471017,0.08573034199030069,0.12922675445162016,0.21578424881445285,0.22979970254759857,0.1907924850551811,0.04285714285714286,88.88888888888889,0.5655976328669287,33.93585797201572
user3,56,3.846157010291438,0.1332393727212582,0.10319348819209137,0.13309555328809297,0.34871994773185544,0.2629838943481445,0.3158555705355056,0.0,100.0,0.6181323766539811,37.087942599238865
user3,53,4.159223539152471,0.13285849679191158,0.10984359072727383,0.1096396675476661,0.2002797984463275,0.24305479343120867,0.16309483639993652,0.0,100.0,0.7062832424975894,42.37699454985537
user3,83,5.963165967672474,0.12239767737307791,0.08719970282162566,0.08564651834553685,0.1639436088673322,0.16857114361553657,0.14514342051572318,0.024096385542168676,100.0,0.6466083579403887,38.79650147642332
user3,70,3.8800063063042822,0.13898512450131503,0.12022782423024694,0.12702551254859337,0.20305502192766847,0.2598460515340169,0.17059889485598706,0.08571428571428572,100.0,0.4988579536676934,29.931477220061605
user3,55,4.215133965838383,0.13247543910764298,0.10599209062539283,0.10543286800384521,0.1658475763677862,0.23985595614821822,0.1288780965166666,0.0,100.0,0.6897491944099172,41.384951664595036
user3,82,3.903303490163471,0.12613873357896682,0.10321705274796705,0.14016537603579068,0.2133318065984969,0.25825514322445714,0.19241748572998627,0.13414634146341464,100.0,0.4284113586764785,25.70468152058871
user3,63,3.79331643354874,0.13300800323486328,0.10418638798337519,0.13260780572891234,0.23766703355541688,0.266578778143852,0.20386359954405844,0.09523809523809523,55.55555555555556,0.54190234764982,32.5141408589892
user3,98,4.92964932721086,0.12814974423610803,0.11730738070115641,0.13008914360633264,0.23231753767083999,0.2039657745164694,0.19742725003034894,0.09183673469387756,100.0,0.4527228973969157,27.16337384381494
user3,54,4.245803791594126,0.14489139450920951,0.12126563167724375,0.09234536818738254,0.1652769753639437,0.238291083641772,0.10721449882361136,0.0,100.0,0.7076339652656876,42.458037915941254
user3,68,4.226576835449114,0.13437007704088766,0.10680920151320868,0.11619891104150991,0.21542547496567796,0.2390657538798318,0.16917379562079218,0.058823529411764705,88.88888888888889,0.5593998752800298,33.56399251680179
user3,74,4.690845104470045,0.12736457491677905,0.09435522166895058,0.1116157385610765,0.20475757991819252,0.2149179406362037,0.17642210250305163,0.06756756756756757,100.0,0.5705081883814921,34.230491302889526
user3,59,3.515111329217085,0.13570911197339075,0.10597067945463111,0.15134201789724416,0.28981089390630793,0.28731909702564107,0.2605997898851283,0.05084745762711865,100.0,0.5362034231009113,32.17220538605468
user3,76,3.729720625509679,0.1351669281721115,0.10675872343375525,0.17224892737373473,0.5310329006818516,0.2706145191192627,0.48080301934369296,0.06578947368421052,100.0,0.44167744249456725,26.500646549674034
user3,82,4.038541777679727,0.11431437585412002,0.08532244848184298,0.13494542792991357,0.2092864010595213,0.24977959232565797,0.18354712159978573,0.15853658536585366,100.0,0.44325458535509205,26.595275121305523
user3,64,2.9607031583883003,0.1401075635637556,0.11477952537753557,0.1982173112130934,0.7700499672644877,0.34185699054173063,0.7437939385860232,0.03125,100.0,0.4163488816483547,24.980932898901283
user3,66,4.0205145186705655,0.12158734183157643,0.08887218055322624,0.1355544152807017,0.2038701859297253,0.2513128133920523,0.18636008228117987,0.10606060606060606,0.0,0.5482519798187135,32.89511878912281
user3,53,3.551756757270626,0.1501040503663837,0.13460362813841942,0.13397458424934974,0.19804642454862564,0.28557862226779646,0.14829941934646226,0.0,100.0,0.6031285059516157,36.18771035709694
user3,59,3.9670741608559665,0.1432981940935243,0.1179220756919221,0.12710866102805504,0.22666851091983073,0.25434579109323435,0.2099526356680185,0.0,100.0,0.605146905893283,36.30881435359698
user3,55,3.9905701567742575,0.13682371715329728,0.11858909889979154,0.11533120503792396,0.17133603731266156,0.2545289640073423,0.13028709658354437,0.0,100.0,0.653002389290333,39.180143357419986
user3,85,5.081892303136845,0.134523602326711,0.12532995569814,0.11640838041143903,0.2013778205217919,0.19788213003249394,0.18333750249581376,0.03529411764705882,100.0,0.5380827144497836,32.284962866987016
user3,81,3.5828856290058875,0.12107921242713929,0.09598998517124753,0.1570974362047413,0.20766531383043105,0.28180248439311983,0.18063052117502607,0.14814814814814814,100.0,0.3980984032228764,23.885904193372582
user3,55,3.9670305137753306,0.14414981495250356,0.12746434776074048,0.10992656813727485,0.16462053989087805,0.2552698364964238,0.11282586139355534,0.01818181818181818,100.0,0.6491504477086905,38.94902686252143
user3,64,4.28005312559981,0.12786701574163922,0.11151773352571286,0.10851220837954817,0.16690262301608777,0.23645208752344524,0.14049520579297123,0.046875,100.0,0.6018824707874733,36.1129482472484
user3,56,3.690025161437897,0.14692420092496006,0.1550771249764211,0.12211087456455937,0.20940162006111532,0.2747542598030784,0.14838911400451577,0.017857142857142856,100.0,0.5930397580882334,35.582385485294004
user3,86,4.539699372621626,0.13921167509896415,0.11848643362536941,0.11160506027332251,0.2496993065468812,0.22147681011873133,0.23006744256352152,0.1511627906976744,100.0,0.4750848180650538,28.50508908390323
user3,59,3.8692333142162747,0.13373338354044947,0.09870192210589945,0.12263463254560504,0.25395207850906837,0.2615414652331122,0.2206655904970995,0.03389830508474576,100.0,0.5902220309821435,35.41332185892861
user3,75,4.392768458993898,0.12831658522288006,0.10475931308656251,0.1423785767312777,0.2717470514680923,0.22918560376038422,0.2280073246077637,0.04,100.0,0.5271322150792679,31.627932904756072
user3,53,3.0018782221513542,0.137312151351065,0.12335751027299954,0.19957824853750375,0.18510986778272503,0.3382868996033302,0.11985124258143391,0.0,100.0,0.5097529056483432,30.585174338900593
user3,63,4.322351537424819,0.12918956774585652,0.09029852028128654,0.12388504009980422,0.2167648863533727,0.23317654286661454,0.19401447657005416,0.0,100.0,0.6174787910606884,37.0487274636413
user3,59,4.476964920066027,0.1327720228231178,0.11258348446952304,0.10505286088356605,0.2032118188193979,0.22567905639779978,0.18055635219134375,0.0,100.0,0.6829268522134617,40.9756111328077
user3,76,3.7819918012240987,0.13930506101796325,0.14085733338832737,0.1366288219179426,0.23934532480545562,0.26687357902526854,0.19536183771993593,0.10526315789473684,100.0,0.4478674501449591,26.872047008697546
user3,64,4.863519583099958,0.12960680925621176,0.11085440806512531,0.10477254482416007,0.16890600504852937,0.20772479829334078,0.13376887967785986,0.0,100.0,0.6839324413734316,41.03594648240589
user3,87,3.805063339924386,0.13676555403347673,0.12811012965222257,0.12750776701195296,0.21397798223996065,0.26520582687023075,0.1689081391680474,0.1839080459770115,88.88888888888889,0.39362724206114336,23.617634523668602
user3,58,4.537289951153045,0.13538154271932748,0.1198313739023712,0.09946456609987746,0.16338397920813663,0.22216832846925968,0.14058299184256642,0.0,88.88888888888889,0.7040622337996103,42.243734027976615
user3,61,3.397873437119926,0.14236732779956254,0.12539919525524823,0.1544666330019633,0.22705281724132195,0.29799824953079224,0.2003489940097955,0.04918032786885246,100.0,0.5013255890832677,30.079535344996064
user3,55,4.741273422329575,0.11558175986667849,0.0834267157953014,0.09492493592775784,0.15373222487365087,0.21348415480719674,0.13003899907780272,0.0,100.0,0.7758447418357488,46.550684510144926
user3,57,4.208428742003578,0.14419802448205782,0.12799869019364343,0.09508857131004333,0.1741729875290646,0.24057859182357788,0.13913570119687188,0.017543859649122806,100.0,0.6644887487374072,39.86932492424443
user3,55,4.191954599990097,0.12812494364651766,0.10523620468328689,0.11247220745793095,0.1846460271799102,0.24179383118947348,0.15853091962555965,0.01818181818181818,100.0,0.6859562072711067,41.15737243626641
user3,53,4.632721995702723,0.11954618399997927,0.07930040595127741,0.09816174323742206,0.27498874364883436,0.2187739794070904,0.2521685896647897,0.0,88.88888888888889,0.7866886407797077,47.20131844678246
user3,73,4.395339797764023,0.12099432609450649,0.08491214668081976,0.10686696597508022,0.19478822558511608,0.2295608487394121,0.16057305248366574,0.0958904109589041,88.88888888888889,0.5418912079435098,32.51347247661059
user3,53,4.6562024452748085,0.13130119161785775,0.10681936384353781,0.0850712198477525,0.19146532429479132,0.2175148863058824,0.15772942112992655,0.0,100.0,0.7906758869334581,47.44055321600749
user3,81,4.084025578312277,0.12031585223054232,0.12238984475632382,0.1299591064453125,0.30480150696100605,0.24661024808883666,0.25796425993637456,0.1111111111111111,77.77777777777779,0.4537806198124752,27.22683718874851
user3,61,3.967161686304038,0.13157722207366443,0.10892785349718334,0.12250036398569743,0.20798145054439043,0.25465176105499265,0.17816798103023346,0.06557377049180328,100.0,0.5853189373235466,35.119136239412796
user3,57,4.043729421111602,0.13260008181844438,0.1075608031413044,0.11202361800453879,0.17164663130081792,0.2505634256771633,0.1511109982987871,0.017543859649122806,100.0,0.6384835928070952,38.309015568425714
user3,72,6.24573242423585,0.13176237775924357,0.09534167733261216,0.08767554552658745,0.17707416445888977,0.16090660699656312,0.144840042282986,0.0,22.22222222222222,0.7807165530294813,46.842993181768875
user3,68,4.756528700164338,0.11913647190217048,0.0798280014250597,0.09461789834694784,0.1798807581331879,0.2118239651865034,0.15808119914054655,0.058823529411764705,88.88888888888889,0.6295405632570448,37.772433795422685
user3,55,4.868955504387188,0.13754575035788796,0.11184588998812829,0.06909335101092304,0.12982397213955704,0.2075413597954644,0.09815841356594572,0.01818181818181818,100.0,0.7967381734451762,47.80429040671057
user3,75,4.22491883217068,0.1316351554763149,0.09968585793537389,0.10470217296055385,0.19079903007368682,0.2388097080024513,0.1649138551314518,0.12,100.0,0.5069902598604815,30.41941559162889
user3,50,4.358716078080001,0.13782105445861817,0.1116590045177118,0.09347377991189762,0.19553994128279117,0.23233595672918825,0.16295299749850733,0.02,77.77777777777779,0.7845688940544002,47.07413364326401
user3,67,5.19208570926553,0.12800096628958718,0.11463616780006441,0.08568356718335833,0.18093482511256592,0.19442854866837012,0.14818625262506166,0.029850746268656716,100.0,0.6974443490058175,41.846660940349054
user3,57,4.360107967487052,0.12879351565712377,0.11270134446274992,0.10235429235867091,0.1970630816431411,0.232168333871024,0.16457325902781592,0.03508771929824561,100.0,0.6884381001295347,41.30628600777208
user3,70,3.4735406853774617,0.12607866258763556,0.09198589160701669,0.1615739663441976,0.2966905740840533,0.2910322244616522,0.26035401154967425,0.08571428571428572,100.0,0.4465980881199594,26.795885287197564
user3,63,5.086776223998749,0.12810000202112032,0.0974792941911758,0.07865468093327113,0.14606437103716402,0.19831778926234092,0.1132146792094798,0.031746031746031744,100.0,0.726682317714107,43.600939062846415
user3,86,4.95390258899023,0.11591106482914516,0.09186281252937523,0.1195560676464136,0.255251831402329,0.20339241308324477,0.22449748446170836,0.09302325581395349,88.88888888888889,0.5184316662896753,31.105899977380517
user3,69,4.091329852591836,0.12182767840399258,0.09197144857576646,0.12439444485832662,0.28852472165835413,0.24670997787924373,0.26769469670031487,0.10144927536231885,100.0,0.533651719903283,32.01910319419698
user3,57,4.652680626369542,0.1168867327132315,0.07966885916639371,0.10486174546755277,0.16107319104898676,0.2176045434815543,0.13563774188879396,0.0,100.0,0.7346337831109803,44.07802698665881
user3,65,3.7963576434672985,0.1265360377728939,0.10608747817944726,0.1352447441646031,0.227190367339095,0.2663976922631264,0.19341645279888411,0.07692307692307693,100.0,0.5256495198647029,31.538971191882172
user3,56,4.548961773916927,0.11695833206176758,0.08286612847017755,0.09939669238196479,0.1846825344262797,0.2223675944588401,0.16190271149943422,0.017857142857142856,100.0,0.7310831422366489,43.864988534198936
user3,62,4.2276349466701895,0.1392734130223592,0.12372119963111243,0.09788900310710325,0.2583387354618421,0.2395038917416432,0.19969397706486583,0.03225806451612903,88.88888888888889,0.6136889438714791,36.82133663228875
user4,65,3.5775894445389556,0.2001725637687827,0.13241487452749984,0.12879405113366935,0.221059067332464,0.2796276994049549,0.197823223318794,0.0,77.77777777777779,0.49535853847462463,29.72151230847748
user4,60,3.7612334492838375,0.19822902049658433,0.12972166102914492,0.09157176659657405,0.18344329973337917,0.26697697477825616,0.15003954265705854,0.0,88.88888888888889,0.5641850173925756,33.851101043554536
user4,54,2.3446079106676336,0.21358129318724287,0.15347283129320366,0.2672841963560685,0.9146551141807681,0.43123459366132627,0.8344361602328708,0.0,33.33333333333333,0.3907679851112723,23.44607910667634
user4,53,3.1990324823278216,0.20741338999766223,0.14766723271183008,0.10720383662443894,0.19611794345729666,0.3153708806404701,0.12842737829517675,0.0,100.0,0.5432319309613283,32.5939158576797
user4,62,3.769625855206633,0.17908607137964128,0.1185797632261093,0.14299305625583814,0.2729825505657016,0.266742217736166,0.23646947845920177,0.0,66.66666666666666,0.5472037531751565,32.83222519050939
user4,68,4.207938214867726,0.22652043936387548,0.19988289445646945,0.052188336849212646,0.22665856037130733,0.23737325597165235,0.19449407498005164,0.0,77.77777777777779,0.5569329990266109,33.41597994159665
user4,53,3.015471685090817,0.20779426592700886,0.15898757542807812,0.12621013476298407,0.34942278330405663,0.333877641421098,0.31138816233604194,0.0,77.77777777777779,0.5120612295437237,30.72367377262342
user4,75,4.202312655396985,0.1740578550558824,0.13847872975227551,0.1380285842745912,0.3742465422731207,0.23858360664264575,0.29967974614915227,0.0,77.77777777777779,0.5042775186476381,30.25665111885829
user4,53,3.1251443546381514,0.18973606487490097,0.12704705985897005,0.1327539453139672,0.2143326634936707,0.32229743095544666,0.16124431965417219,0.03773584905660377,33.33333333333333,0.5306848904102521,31.841093424615128
user4,58,3.1840681329571066,0.17003219082670393,0.11877416617362004,0.14668489877994245,0.28355877836817367,0.31704746212875634,0.2579698953403701,0.0,66.66666666666666,0.49407953787265446,29.64477227235927
user4,58,3.876984885951497,0.17470512300167443,0.10580745309666795,0.0975424784880418,0.17306565414022218,0.2579532924451326,0.15265860378308743,0.0,100.0,0.6016011029924736,36.096066179548416
user4,59,3.354173707787045,0.1925656442288999,0.14023996630008287,0.12391001323484024,0.2458868025825882,0.3007851839065552,0.2108300640332625,0.0,77.77777777777779,0.5116536164420915,30.699216986525492
user4,64,4.160197079267183,0.1798480456730105,0.11285645522420637,0.09500858875421378,0.14955589658273713,0.2407672367398701,0.14423128788037506,0.0,77.77777777777779,0.5850277142719477,35.10166285631686
user4,56,3.4531078945526477,0.18019770226388607,0.1535959337259026,0.11797343767606296,0.26825978636735937,0.29208035469055177,0.20875617222247858,0.0,88.88888888888889,0.5549637687673897,33.29782612604338
user4,57,3.1464671299693596,0.19098929847989762,0.14879500022907352,0.12573629292574795,0.25206431523811024,0.32005548051425387,0.20987986707655293,0.017543859649122806,77.77777777777779,0.49681059946884626,29.808635968130776
user4,53,3.286290957485929,0.16005515117271274,0.10555064226289783,0.13902130603790283,0.297708589045477,0.3067591373737042,0.263200315133008,0.0,77.77777777777779,0.558049407874969,33.48296447249814
user4,54,3.766721159836394,0.189422642743146,0.17346619339116617,0.07749534103105653,0.2025742163512781,0.2676178014503335,0.12349987367859959,0.0,100.0,0.6277868599727323,37.66721159836394
user4,54,2.961868026536977,0.19645644117284705,0.16910463508359885,0.14383187833821998,0.46962905648150993,0.34053118273896993,0.41743466057726697,0.0,77.77777777777779,0.49364467108949617,29.61868026536977
user4,52,4.25509324402879,0.1785408487686744,0.1457331335620911,0.05757891430574305,0.17121140731278772,0.23495805497262992,0.1034158181244075,0.0,77.77777777777779,0.736458446081906,44.18750676491436
user4,55,3.0400526603804106,0.18880736386334454,0.13903709803165945,0.13973210892587337,0.34286618884936304,0.3305194510353936,0.3218589435333143,0.0,100.0,0.49746316260770357,29.847789756462213
user4,55,3.780667927278706,0.17816965535001936,0.14389375982575928,0.09497476541079007,0.2805210664661895,0.2656881235263966,0.20874740884471604,0.0,55.55555555555556,0.6186547517365155,37.11928510419093
user4,102,4.097073496959169,0.17509373978002749,0.13233905962318335,0.158230362516461,0.296344918519005,0.2449074924582302,0.26071267300631684,0.058823529411764705,66.66666666666666,0.361506485025809,21.69038910154854
user4,56,3.122138376855081,0.1782763589103267,0.13811835053734905,0.1522091948069059,0.4012670300645457,0.32260437445207074,0.3641459014624982,0.0,22.22222222222222,0.5017722391374237,30.106334348245426
user4,53,3.5970540928553016,0.18619924671245072,0.13923099473328332,0.09357152535365178,0.17825128212561783,0.2796931037536034,0.1330206865299672,0.0,77.77777777777779,0.6108205063339192,36.64923038003515
user4,57,3.6019854818827723,0.1724081219367261,0.12462608816415469,0.10775180046374981,0.2262505214209101,0.27928935629980906,0.19603760697770364,0.0,88.88888888888889,0.568734549770964,34.12407298625784
user4,58,3.4152205351778147,0.19631466775570275,0.18091275698724074,0.1055527925491333,0.2508199737769726,0.29373306558843243,0.21839340304062257,0.0,66.66666666666666,0.529948014079316,31.79688084475896
user4,56,3.070291620224046,0.19411253929138184,0.17161074238032997,0.1363595206782503,0.34202101524818007,0.3281263914975253,0.2663943648313195,0.0,77.77777777777779,0.49343972467886454,29.60638348073187
user4,56,3.647515049583347,0.1712811209938743,0.13147201163392047,0.09982072865521466,0.2280148582957159,0.2757864388552579,0.18822551582068842,0.017857142857142856,66.66666666666666,0.586207775825895,35.172466549553704
user4,67,3.4100945768563418,0.18024887022424918,0.1468702438355742,0.12522597710291544,0.3392045368140015,0.2955102523167928,0.28311575911634396,0.04477611940298507,77.77777777777779,0.45807240584637426,27.484344350782457
user4,56,3.1421629215876847,0.1864924899169377,0.13892042340826471,0.13415525609796697,0.2795338364928146,0.3208824547854337,0.25407796154901896,0.017857142857142856,88.88888888888889,0.5049904695408779,30.299428172452675
user4,53,3.531315112153884,0.18323935202832492,0.13815722175009118,0.10186321460283719,0.25546531030015496,0.28448213522250837,0.2304014223437901,0.0,100.0,0.5996572831959426,35.97943699175656
user4,55,3.4444039629439636,0.18937576467340642,0.1664948380251675,0.10281967675244366,0.46470206052007623,0.29242596802888093,0.40950382334081864,0.0,77.77777777777779,0.5636297393908304,33.817784363449825
user4,55,3.7404701699545675,0.17403201262156168,0.14995294488226307,0.09052367480296009,0.30365378462440623,0.26902710066901314,0.22891042081556107,0.0,77.77777777777779,0.6120769369016565,36.72461621409939
user4,54,3.089302743529092,0.19446049796210396,0.1610292867741097,0.13167557626400353,0.29302819367862737,0.32601794656717553,0.2649888057463253,0.018518518518518517,77.77777777777779,0.514883790588182,30.89302743529092
user4,56,3.337004344139007,0.2024383885519845,0.15365478980648542,0.0989994309165261,0.2783980964457747,0.3006193897940896,0.2293175114813788,0.0,55.55555555555556,0.536304269593769,32.17825617562614
user4,56,2.740913993742603,0.2002464575426919,0.16595355165787398,0.1675879868594083,0.35079901661656776,0.3692990996620872,0.30548757077500455,0.017857142857142856,77.77777777777779,0.4405040347086326,26.430242082517957
user4,70,3.562942453390703,0.1787065473096124,0.14084143734861523,0.13973523859392134,0.27952636499649525,0.2812549307726432,0.2386365758097806,0.02857142857142857,66.66666666666666,0.4580926011502332,27.48555606901399
user4,77,2.4652366997430284,0.16986265467174017,0.1497051922092229,0.28143684430555865,0.5193846140352659,0.40856833206979853,0.46975312100285166,0.07792207792207792,66.66666666666666,0.2881445493206137,17.28867295923682
user4,53,3.820706587162066,0.18402613333936008,0.13729093406214504,0.07919989640896137,0.21810900063003802,0.2630591163268456,0.16594006766575242,0.0,100.0,0.6487992317822376,38.927953906934256
user4,58,3.486091224440272,0.1906920389695601,0.14934008255292558,0.09446607695685492,0.2627558873898072,0.2889335448281807,0.21588619160469355,0.017241379310344827,55.55555555555556,0.5409451899993526,32.45671139996116
user4,65,3.9828233124643124,0.16240149530871162,0.13861327877604443,0.10953337686103687,0.28399717417209197,0.2527587413787842,0.23282373729702585,0.03076923076923077,100.0,0.5514678432642894,33.08807059585737
user4,55,3.825822291087671,0.17235318219886636,0.13339039366129518,0.09035578140845665,0.23922118129775183,0.26251172136377404,0.19951916027724392,0.0,100.0,0.626043647632528,37.562618857951676
user4,67,4.452332483146567,0.1729275685436321,0.11708204728028311,0.08766371470231277,0.22770866538973128,0.22449414296583695,0.18669951679149346,0.0,88.88888888888889,0.5980745126614792,35.884470759688746
user4,53,3.411544543793585,0.2004733940340438,0.16873277277940965,0.09443068045836228,0.2122370835960549,0.29553478497725266,0.16347731453131897,0.0,66.66666666666666,0.579318884795137,34.75913308770822
user4,53,3.9931321136914546,0.18500268684243257,0.15164366812193233,0.06668551151569073,0.18967613532955624,0.2518575695844797,0.11427619520265553,0.0,66.66666666666666,0.6780790381740206,40.684742290441235
user4,57,3.6278399578416973,0.17324522306334297,0.13589691555634043,0.11409776027386005,0.27216892366131484,0.2777085985456194,0.21610089675414274,0.0,55.55555555555556,0.572816835448689,34.36901012692134
user4,56,3.880485275301123,0.18025381160232257,0.1483965479864607,0.08967544940801767,0.28888668159436975,0.2593339269811457,0.2286665091376142,0.0,77.77777777777779,0.6236494192448233,37.418965154689396
user4,64,4.170745997408979,0.18886708313564085,0.1530235361943154,0.07779175043106079,0.2533438323735364,0.24115274066016787,0.20894854685609413,0.0,88.88888888888889,0.5865111558856376,35.190669353138254
user4,55,3.7082330583269196,0.2006120118227872,0.15672984201616605,0.07033705711364746,0.21751881621410868,0.27185327035409435,0.17221971603415906,0.01818181818181818,88.88888888888889,0.6068017731807687,36.40810639084612
user4,53,3.3917411789301175,0.1944729562075633,0.15700787187653378,0.10229087792910062,0.21987420834273289,0.29712039690751296,0.18597864486841303,0.0,77.77777777777779,0.575956049252284,34.557362955137044
user4,71,3.5973781271938456,0.17642258084009563,0.1479686847275182,0.11783677916372975,0.31344713359947995,0.27954891409192767,0.2603597113961124,0.08450704225352113,55.55555555555556,0.45600567809499454,27.360340685699672
user4,56,3.4982204697966885,0.1829215569929643,0.12981252766968218,0.10066456264919704,0.26865735942001956,0.2878656257282604,0.21196681415519766,0.0,88.88888888888889,0.5622140040744678,33.732840244468065
user4,54,3.756235908668369,0.16508454646704332,0.1117924137548303,0.09855930163310124,0.2334467149131476,0.26882876090283664,0.19494586846775316,0.0,88.88888888888889,0.6260393181113949,37.56235908668369
user4,65,3.4889537142909504,0.16780442706609178,0.11123933213490036,0.1390385627746582,0.2559155525505197,0.289597500115633,0.23720337258445306,0.046153846153846156,88.88888888888889,0.4830858989018239,28.985153934109434
user4,53,3.4886595473762423,0.19413006530617768,0.1502399116883658,0.09429207673439613,0.233347054245306,0.2879922573383038,0.1737165464034363,0.0,77.77777777777779,0.5924138854035128,35.54483312421077
user4,53,3.297610968110407,0.19754487613462052,0.1633906033576591,0.10773775210747352,0.42626583211107627,0.3053821004354037,0.37929453672752256,0.0,88.88888888888889,0.5599716738300691,33.59830042980414
user4,52,3.523106880829057,0.18387790826650766,0.11689627912823614,0.10192252140419156,0.19451767475586756,0.28501368971431956,0.16281912998655199,0.0,88.88888888888889,0.6097684986050291,36.58610991630175
user4,53,3.3717642694791494,0.17553823848940292,0.1220937414571307,0.12337013849845299,0.2604356487173509,0.29751856510455793,0.2256144587085981,0.0,55.55555555555556,0.5725637438738178,34.35382463242907
user4,56,3.191990400369904,0.18420991727284022,0.13854565611137723,0.13142103715376421,0.2313767009515192,0.3147565885023637,0.1878181121242668,0.017857142857142856,77.77777777777779,0.512998457202306,30.77990743213836
user4,59,3.414323215423963,0.1765404919446525,0.12585169600185636,0.11834923974398909,0.2068162339446472,0.29516669799541606,0.1451397877753435,0.05084745762711865,100.0,0.5208289650646724,31.24973790388034
user4,64,4.851485901147043,0.1686682476187652,0.1365280395766749,0.0659481928898738,0.17818462871285798,0.2067244015042744,0.13456285828716977,0.0,77.77777777777779,0.6822402048488029,40.93441229092817
user4,64,3.0246776816947225,0.18344105780124664,0.1573337266697153,0.1495087563045441,0.4017418221112765,0.3337098870958601,0.3509575019834208,0.078125,77.77777777777779,0.42534529898832035,25.52071793929922
user4,59,4.516202535960873,0.1637638200004146,0.13000435946201372,0.06226675327007587,0.22020758324596829,0.2217858125423563,0.16094808574316954,0.0,66.66666666666666,0.6889122512482687,41.33473507489612
user4,53,4.233249737842882,0.16586048198196124,0.13724079890350394,0.07171782163473275,0.21157921048644907,0.23788269666525033,0.13817358368507143,0.0,66.66666666666666,0.7188537290676591,43.13122374405955
user4,61,4.128278546262101,0.14902645686887345,0.10779944682924665,0.10035175543565017,0.20157341105750243,0.24360334873199463,0.17110754415111407,0.0,88.88888888888889,0.6090902773173591,36.54541663904155
user4,54,3.4722669795133223,0.1704545515888142,0.13445651918011936,0.11592265734305748,0.22917977800954048,0.2907092526273907,0.18901412396909165,0.0,88.88888888888889,0.5787111632522204,34.72266979513322
user4,55,4.114519575342867,0.16763091520829634,0.1350307606852558,0.07680732232552988,0.1751594273766472,0.24472165990758826,0.12731088547865446,0.01818181818181818,88.88888888888889,0.6732850214197419,40.39710128518451
user4,53,3.6907711823134752,0.17296900389329442,0.1370961111219499,0.09986125505887546,0.190417310328956,0.2727563656293429,0.14986805874996006,0.0,55.55555555555556,0.6267347290720995,37.60408374432597
user4,58,3.4198366005307945,0.16471174469700567,0.12792616002930718,0.14079373287704755,0.26044326855332867,0.29501001458418996,0.23159394537708647,0.017241379310344827,77.77777777777779,0.5306643000823646,31.839858004941878
user4,57,3.359253465657271,0.17510540530366717,0.12146025836576481,0.1364420514840346,0.3807006400673455,0.3001369195325034,0.34622699195241446,0.0,66.66666666666666,0.5304084419458849,31.824506516753093
user4,54,3.6283604067744477,0.1721479982699988,0.1362105519371836,0.10114579934340256,0.22333117047154338,0.27702981121135206,0.17933718465075082,0.0,88.88888888888889,0.604726734462408,36.28360406774448
user4,54,3.7581030027153326,0.1738008525636461,0.13973087626432806,0.09403217963452609,0.197376009153579,0.2677739566227175,0.1543091146249182,0.0,100.0,0.6263505004525555,37.581030027153325
user4,77,4.450115539768511,0.16097457903736043,0.11331570717045993,0.11755604010361892,0.22568353548946388,0.22598526666038915,0.2061636276656793,0.0,88.88888888888889,0.5201433747781377,31.20860248668826
user4,54,3.43167108781207,0.17984837855932848,0.13471538079048465,0.10969544832523052,0.2091093510413715,0.29387993632622483,0.17008037094404235,0.0,100.0,0.5719451813020118,34.31671087812071
user4,79,5.259723849510665,0.16194698945531305,0.11157250856935991,0.08933750024208656,0.21848593085953041,0.19014931030762502,0.1897438687229634,0.0,77.77777777777779,0.5992090461467846,35.95254276880708
user4,64,3.6681445441766782,0.16432664529332575,0.10773964005525496,0.13401978290998018,0.23854467509613228,0.2738917100997198,0.21831383043040856,0.0,77.77777777777779,0.5158328265248454,30.949969591490724
user4,54,3.66653791534362,0.18111476808224083,0.12552130610567214,0.0915996661553016,0.16534286025148837,0.27561256120789723,0.11924159627534828,0.0,88.88888888888889,0.61108965255727,36.6653791534362
user4,104,5.040814352105806,0.15910560397778528,0.1293372157287378,0.1518965589589086,0.3070513847661872,0.19859478774579983,0.2488193251014845,0.028846153846153848,88.88888888888889,0.4362243189322332,26.173459135933992
user4,55,3.6415687518428905,0.181515338285914,0.14095448816930795,0.09523251881966224,0.20550659881303512,0.2771756825623689,0.16742583053156604,0.0,100.0,0.5958930684833821,35.75358410900292
user4,92,4.887372275091766,0.16643400777850234,0.11917610341082398,0.1290984068598066,0.28135283646703174,0.2052709401308835,0.23484885029100763,0.021739130434782608,77.77777777777779,0.47811250517202064,28.686750310321237
user4,48,3.3150576210336777,0.1664886623620987,0.1359006733386143,0.13804107523979026,0.29254628999180576,0.3048451910627649,0.2516620919647469,0.0,22.22222222222222,0.6215733039438146,37.29439823662888
user4,48,3.4168670225611235,0.1801639844973882,0.17045095745458375,0.11489543508976063,0.31359742067174945,0.29635859043040175,0.24174166902968564,0.0,22.22222222222222,0.6406625667302106,38.43975400381264
user4,58,3.9359521074784642,0.1736564591245831,0.12648692606042744,0.094238648047814,0.19529912461154333,0.2559958800934909,0.16367687173315815,0.0,88.88888888888889,0.6107511890914858,36.64507134548915
user4,63,3.5473155856008667,0.17558567029125285,0.13569473423221753,0.1472086264536931,0.34246986639505456,0.2838594259754304,0.29906109453821256,0.0,66.66666666666666,0.5067593693715524,30.405562162293144
user4,54,3.7211987807071614,0.17216576911784984,0.13748527416348263,0.09838681400946851,0.16350447912636468,0.2719946267469874,0.13376797284635922,0.0,88.88888888888889,0.6201997967845269,37.21198780707161
user4,53,3.8285993669306375,0.16866975910258744,0.12707184148761233,0.09430164098739624,0.18823330249345885,0.2627735413037814,0.14488881270040255,0.0,88.88888888888889,0.6501395151391648,39.00837090834989
user4,62,3.8634354613417554,0.17057891161936634,0.12374842234892974,0.11103292611929086,0.324577898042679,0.26085073048951196,0.2950897834067272,0.0,100.0,0.5608212766463838,33.64927659878303
user4,52,3.235207461287584,0.16154708770605233,0.15292419759409454,0.15044527895310345,0.2794735024545331,0.31216972014483285,0.2255915451772944,0.0,77.77777777777779,0.5599397529151589,33.59638517490953
user4,58,2.950740331643968,0.18791124276947557,0.15482508702961145,0.1509269220488412,0.26324662128833537,0.34134020721703245,0.21767548662830194,0.034482758620689655,77.77777777777779,0.4578734997378571,27.472409984271426
user4,53,3.2270510409853914,0.17372396307171517,0.16980254358930633,0.13877487182617188,0.4657446858607559,0.31199753742951614,0.4305700620823123,0.0,77.77777777777779,0.5479897994126136,32.879387964756816
user4,64,3.1273529202950257,0.1725925304850594,0.1284328609223436,0.1562144637107849,0.33452963096707106,0.3220237285371811,0.29972899515314133,0.0625,88.88888888888889,0.43978400441648796,26.387040264989277
user4,53,3.5773965453353007,0.17572322431600318,0.13913988063805005,0.10580600683505718,0.18629311426741527,0.2824587867810176,0.1406483930292824,0.0,77.77777777777779,0.6074824322267492,36.44894593360495
user4,94,4.839528648195502,0.17033671563671482,0.1289693820936686,0.11277921473393675,0.23418978645819322,0.20695848618784257,0.19930746788152282,0.0425531914893617,88.88888888888889,0.4633591258910587,27.80154755346352
user4,53,3.145945589623494,0.19341800797660397,0.23824028121779772,0.12684474083093497,0.24008758156928858,0.32398181236707246,0.2798979978402188,0.0,77.77777777777779,0.5342171755964423,32.05303053578654
user4,55,3.490453747887337,0.17773814921109182,0.12454918870048576,0.11145121317643386,0.24828905590801853,0.2877142031987508,0.21284111634140468,0.0,77.77777777777779,0.5711651587452006,34.269909524712034
user4,53,3.701030020553128,0.18034006514639225,0.14975687437032925,0.09158296768481915,0.21556935219443296,0.2721563715201158,0.16030409904962786,0.0,77.77777777777779,0.628476795942984,37.70860775657904
user4,232,10.96397367871653,0.17096264857166218,0.13858513329822436,0.09199852668322049,0.21317099366736697,0.09115137475909608,0.134722931253424,0.0,66.66666666666666,0.42532656512262396,25.519593907357436
user4,60,3.0877588401027514,0.18794945081075032,0.15241506624017934,0.138213598122031,0.24607227538605858,0.3269008014161708,0.1917728360117115,0.05,77.77777777777779,0.4631638260154127,27.789829560924765
user4,74,4.481836525094211,0.16416801105846057,0.12582171203380765,0.11822346404746727,0.2177980990658279,0.2234426459220991,0.18621109863779478,0.013513513513513514,88.88888888888889,0.5450882260249716,32.7052935614983
user4,53,3.0887130380867256,0.1739831825472274,0.14140377350395314,0.1526565689306993,0.3195919794734403,0.32675344668901884,0.29399282759507567,0.0,77.77777777777779,0.5244984404298213,31.46990642578928
user5,72,2.105270214345156,0.16586459333246403,0.14845782855100517,0.4380176199807061,0.49265481367258446,0.48052343852083446,0.4512998069124576,0.013888888888888888,100.0,0.2631587767931445,15.78952660758867
user5,71,2.0907761486870275,0.16594645806721278,0.12016254767170158,0.40690410353920675,0.45739081335880716,0.48400112220219205,0.4201013189944986,0.014084507042253521,100.0,0.2650279625096232,15.901677750577392
user5,80,3.0147399063352838,0.15762402426521732,0.12364567164365123,0.2988110597317035,0.3229122061271284,0.3348995160452927,0.300394603009441,0.0,100.0,0.33915823946271945,20.349494367763167
user5,122,3.6843121238418264,0.17498634945262562,0.13464685021801973,0.3640760801456593,0.5067186590776718,0.2728975981720223,0.39941417856911837,0.0,88.88888888888889,0.27179351733259377,16.307611039955628
user5,104,3.6929709749401836,0.17254924340681596,0.12401626273319644,0.28477736314137775,0.43763565710449776,0.27229688237014327,0.3616175454841418,0.009615384615384616,100.0,0.3195840266775159,19.175041600650953
user5,107,3.4827757737598226,0.16180168065157804,0.10599153044421929,0.3243880271911621,0.4159661480548088,0.28898901084683976,0.35883142453711026,0.0,100.0,0.29294375667138695,17.576625400283216
user5,64,2.8019892706962546,0.17575290302435556,0.14601532022901018,0.26694546354577897,0.3958854414631321,0.3613531059688992,0.34537947157044957,0.0,88.88888888888889,0.3940297411916608,23.641784471499648
user5,128,4.545828553808918,0.16036125096407802,0.13129593876622797,0.275362769762675,0.3986476924127144,0.22109338429969128,0.30934144572868877,0.0078125,88.88888888888889,0.31962857018968954,19.17771421138137
user5,97,4.603233323808875,0.14362386946982525,0.07556058314209503,0.209032882814822,0.2859124180397978,0.2186460793018341,0.25040480202583426,0.0,77.77777777777779,0.4271041228276276,25.626247369657655
user5,138,3.932289402240927,0.15674594811030795,0.1385888099629748,0.2869871975719065,0.4244127434574007,0.25563227521242016,0.3411552408994909,0.057971014492753624,100.0,0.25645365666788655,15.387219400073192
user5,79,3.0717322543505428,0.17506409141252627,0.1467062346999133,0.274765656544612,0.332792864200551,0.32875477656339985,0.30684373540246423,0.0,88.88888888888889,0.3499441808753783,20.9966508525227
user5,125,3.067784893515147,0.1563022236029307,0.10291803552264937,0.3599513450139005,0.5832136988795958,0.32785106282080373,0.4949578156634442,0.064,88.88888888888889,0.22088051233309058,13.252830739985434
user5,87,4.129957552385875,0.16061600725701514,0.11885266615164906,0.21808269749517026,0.37859606254994027,0.2439884529557339,0.3124778958023287,0.0,77.77777777777779,0.42723698817784916,25.63421929067095
user5,107,4.542315267158196,0.16975649197896323,0.1400951518309496,0.1983943705288869,0.30217048090268006,0.22148625130923288,0.25708022144091075,0.0,88.88888888888889,0.3820639009759231,22.923834058555386
user5,212,4.609637873529446,0.168539729611627,0.13227477250113448,0.28904171045436416,0.5051487964404164,0.21754529238877138,0.3716654679554291,0.07075471698113207,77.77777777777779,0.1956921738762501,11.741530432575006
user5,160,5.87761158654066,0.17129279746383916,0.1543445817332708,0.1922393997510274,0.2530159896205698,0.17064612016737837,0.2120304741069611,0.025,88.88888888888889,0.33061565174291213,19.83693910457473
user5,109,4.809129296859115,0.15703649520874025,0.1343328946097813,0.2289856988556531,0.2715657364650514,0.20907731188668144,0.23638186496052432,0.03669724770642202,33.33333333333333,0.39708407038286264,23.82504422297176
user5,196,9.423307338577219,0.16209346315135126,0.09366614069936466,0.14660509957207574,0.22390191277654803,0.1061889770703438,0.16280594443901067,0.0,44.44444444444444,0.4327028879958927,25.96217327975356
user5,166,4.229995324525773,0.15195762271612462,0.10878124019481832,0.3201430456978934,0.9501297540236054,0.23734854929374927,0.6474062378502641,0.04819277108433735,100.0,0.22933709590802384,13.76022575448143
user5,97,4.019434324527248,0.1663795601237904,0.13444752954037545,0.22029503628059668,0.2702359408286219,0.25053151696920395,0.24933555947952835,0.010309278350515464,100.0,0.3729372053685076,22.376232322110457
user5,124,5.555328533091045,0.15948616808111019,0.11502402954251868,0.17039256625705296,0.21759320074351857,0.18087675513290777,0.19800241759817863,0.008064516129032258,100.0,0.4032093290146726,24.192559740880355
user5,143,4.54186201891823,0.16415893463861375,0.09230371361703689,0.2581467628479004,0.37215067705450794,0.22083602656780835,0.30494003641221806,0.03496503496503497,77.77777777777779,0.28585145573611237,17.151087344166744
user5,224,4.392331973277205,0.15316401357236115,0.096366479121436,0.3220654948727115,0.6713755640680573,0.22827665260554428,0.47536825213915557,0.08035714285714286,88.88888888888889,0.17647762392631625,10.588657435578975
user5,145,6.156956956815083,0.18192319150240915,0.15264912430689442,0.17073168662878183,0.25936760862163216,0.16295108530256483,0.20663438103209292,0.0,88.88888888888889,0.3821559490436948,22.929356942621688
user5,113,4.254583236504224,0.14944632469661653,0.06034021504482951,0.1997996107224495,0.29628851630719444,0.23642449293817794,0.2587581576321384,0.035398230088495575,88.88888888888889,0.33886061175697363,20.33163670541842
user5,120,6.287209932771902,0.15636823762137936,0.09966777074226671,0.12229614991408128,0.20044762769417795,0.15958771785768142,0.17014584941672434,0.0,88.88888888888889,0.47154074495789267,28.29244469747356
user5,226,3.7551212964379554,0.15756184504582332,0.12699162678205123,0.24980249885440797,0.38374468195236333,0.26716902838812934,0.3237332681304333,0.14601769911504425,100.0,0.1495402286192106,8.972413717152635
user5,104,4.185297682063915,0.15671875363304502,0.11152197777589408,0.19222801346932689,0.2628375595603721,0.24052308832557456,0.23747175842106077,0.04807692307692308,100.0,0.3621892224863003,21.73135334917802
user5,92,3.9934922410327296,0.1759989711473573,0.13275205499059903,0.19712410064843985,0.3121018613225088,0.252201415680267,0.26838499719535,0.0,100.0,0.39066771923146265,23.44006315388776
user5,141,5.3565425079225895,0.15315383359005577,0.11907498862557855,0.22856566735676356,0.4975535863237766,0.18742813042231968,0.3513612899554065,0.014184397163120567,100.0,0.34190696859080355,20.514418115448212
user5,84,2.9445838455813207,0.15139370951159248,0.151038907410267,0.3005594998075251,0.357790353701243,0.3429228627538107,0.3172218957354684,0.03571428571428571,88.88888888888889,0.3154911263122844,18.92946757873706
user5,143,5.688810434475732,0.1269493282965894,0.06889012166584,0.23192557921776405,0.33129159554905513,0.17638063934487355,0.25883830302163435,0.0,100.0,0.3580370203516195,21.48222122109717
user5,150,0.21717343339179235,0.1389239688417805,0.0915539900262735,10.230917005827934,79.66352645904196,4.634738050051183,53.26571388057695,0.04,100.0,0.013030406003507541,0.7818243602104524
user5,143,3.8524389946563233,0.14285780986150107,0.1213745503418239,0.308434590487413,0.5134966274995074,0.2608039698130648,0.40387434829704333,0.055944055944055944,100.0,0.24246119546788047,14.547671728072828
user5,106,3.9392673929989623,0.15222644805908203,0.11533399570075578,0.23560729361417002,0.3251832768989826,0.2554974851154146,0.2785964835144779,0.018867924528301886,100.0,0.33446609940557226,20.067965964334334
user5,123,4.9772889289816735,0.1383225959643983,0.09129403091165564,0.19974642992019653,0.2382868562303554,0.20182117086942078,0.21999682572611604,0.016260162601626018,100.0,0.3641918728523176,21.851512371139055
user5,121,4.439356594058735,0.1650602779080791,0.16321318978917448,0.21263932009212305,0.27926877935811795,0.2262086232503255,0.24513002345881982,0.03305785123966942,88.88888888888889,0.3302000772440381,19.812004634642285
user5,145,4.521129599072006,0.14227433810158382,0.1092960836339165,0.2888668660194643,0.6593219813271962,0.22209644317626953,0.46475177044782817,0.034482758620689655,100.0,0.2806218371837797,16.83731023102678
user5,174,6.370360382029818,0.1546642702133929,0.12552932598000235,0.2036808451016744,0.301448984629887,0.15745013573266178,0.2253646792447899,0.022988505747126436,100.0,0.32950139907050785,19.77008394423047
user5,215,7.630412262944016,0.13895671708243235,0.09641063361073836,0.19601176631066106,0.2687104612966949,0.13118995461508492,0.1938711255135329,0.023255813953488372,88.88888888888889,0.319412606355796,19.16475638134776
user5,99,4.3931279170182345,0.16405958949394947,0.14169340954606938,0.20449865322846633,0.3181588467376974,0.22915013955563915,0.26367686414688263,0.0,88.88888888888889,0.3993752651834759,23.962515911008552
user5,116,4.380052314579913,0.14736805045813844,0.11504213459610854,0.24229715977396285,0.335017083044128,0.22962766315626063,0.2814744750394454,0.017241379310344827,100.0,0.33983164509671737,20.38989870580304
user5,211,4.8243158676469875,0.14314922751212605,0.1079672242848422,0.2337081604397174,0.4961685595179649,0.20786200364430746,0.3713761136111951,0.0947867298578199,88.88888888888889,0.2057765062029521,12.346590372177126
user5,99,3.2833237144475595,0.1398845687508583,0.07686727414595385,0.2762108303251721,0.441783171381363,0.30673275675092426,0.3914558245629977,0.050505050505050504,100.0,0.2984839740406872,17.909038442441233
user5,103,5.033921080663792,0.1321280947271383,0.0778995272642011,0.168316492667565,0.20118974035679638,0.19984157646403594,0.19451711452039122,0.0,100.0,0.4398571818055741,26.391430908334446
user5,121,5.796884145604036,0.15134846039538113,0.12399905777357204,0.17290238233713004,0.30045722090109267,0.17342195709546407,0.2386847731460761,0.0,100.0,0.4311732009126969,25.870392054761815
user5,112,5.488535902160077,0.16222214698791504,0.1503006557582732,0.14868444308899997,0.230134619046039,0.18312472051328366,0.19596847982558102,0.0,66.66666666666666,0.44104306356643475,26.462583813986086
user5,112,4.60478344104509,0.14296903072948186,0.1406874312772514,0.15224242210388184,0.2274786948573899,0.2183868799123678,0.19324469219240817,0.07142857142857142,88.88888888888889,0.37002724079826615,22.20163444789597
user5,104,3.234889469939317,0.14806163800905828,0.11299531498213618,0.25804121295611065,0.45883577380266366,0.3114846007337848,0.3915195440370733,0.07692307692307693,100.0,0.2799423579755178,16.79654147853107
user5,74,3.7751584152961724,0.15228375088084828,0.12382527693847478,0.17192544319011546,0.21870589095396617,0.2676575477809122,0.20193351790193964,0.013513513513513514,100.0,0.45914088834683175,27.548453300809904
user5,136,5.903204538046232,0.14886217883655004,0.11945236396970885,0.18230404420332474,0.3095532160610426,0.17016463103117765,0.2426275909663196,0.007352941176470588,100.0,0.3906532414883536,23.43919448930122
user5,68,3.509250771336453,0.1696153495992933,0.1593742566681688,0.15554718104275791,0.24970709094643537,0.28827965437476316,0.2021117645191476,0.014705882352941176,77.77777777777779,0.46445966091217766,27.86757965473066
user5,93,4.027760395271431,0.16262371693888017,0.14677093165840296,0.17547554266257365,0.2919013404215951,0.25036674997080927,0.24972907781293976,0.043010752688172046,88.88888888888889,0.3897832640585256,23.386995843511535
user5,133,6.276216520470335,0.1377595505624447,0.09184461422650005,0.16830718517303467,0.2287310722030028,0.16014554283835672,0.1977100070970291,0.0,88.88888888888889,0.42470638108445874,25.482382865067525
user5,158,6.081863605528822,0.15541933712206388,0.12408949406425937,0.21108741845403398,0.3843098137628524,0.1651397920717859,0.2635683697627305,0.006329113924050633,100.0,0.3464352686693633,20.786116120161797
user5,67,4.557055404463638,0.14817362764607306,0.10285515969892321,0.1102595912085639,0.1565534019659483,0.22161003676327792,0.1569126739773083,0.0,44.44444444444444,0.6121417707488468,36.728506244930806
user5,172,6.566883622001074,0.14339540609672888,0.11492298968000653,0.15526662812088476,0.2559446365142898,0.15282725451285378,0.1940479002182145,0.03488372093023256,100.0,0.3436160034768004,20.616960208608024
user5,94,4.157120809815364,0.1305983066558838,0.08966461785812074,0.17123247683048248,0.22098799254015292,0.24228414668831774,0.20768800492586093,0.06382978723404255,100.0,0.3980222051950881,23.881332311705286
user5,85,4.569583343779462,0.15123509893230364,0.11321345679017304,0.1607414150238037,0.23262780957333853,0.22054355485098703,0.20438232839351828,0.0,66.66666666666666,0.48383823640017837,29.030294184010703
user5,82,4.612991359603952,0.1610414363719799,0.13120892110822063,0.12955521187692318,0.21897700039601944,0.21844667269859785,0.19510851827261544,0.0,100.0,0.5063039297126289,30.378235782757738
user5,138,7.185562224537845,0.14222046678716485,0.0968243584926521,0.12936708662245008,0.1880245075382742,0.13960236876550383,0.16431394882516145,0.007246376811594203,100.0,0.4686236233394247,28.117417400365483
user5,123,5.779336451632005,0.154207767066309,0.12662095377282523,0.15349876880645752,0.23355665089772165,0.17385140598797408,0.1996343721263736,0.024390243902439025,100.0,0.4228782769486833,25.372696616920997
user5,106,5.710466902065945,0.15252158858559348,0.1195067421656838,0.1177282730738322,0.21051286348965637,0.17603202774411156,0.181065459085959,0.009433962264150943,77.77777777777779,0.48485096338295763,29.09105780297746
user5,162,5.234472653363379,0.142879561374062,0.12258995293424771,0.19706113497416178,0.31438738107185776,0.19182182246853846,0.2443254522882729,0.06790123456790123,88.88888888888889,0.2908040362979655,17.44824217787793
user5,124,3.8267442010786636,0.16463560046571674,0.1797353494297927,0.27649957216702975,0.4841534779281318,0.26290670255335363,0.36385286235674485,0.056451612903225805,88.88888888888889,0.27774756298151587,16.66485377889095
user5,116,5.530469981423099,0.15803644949929757,0.13574926918894015,0.1413261422089168,0.27922839059094356,0.18173041136368462,0.21495145455789824,0.008620689655172414,77.77777777777779,0.42908818821386113,25.745291292831666
user5,89,4.160441048390463,0.14210336548941477,0.11516571477437187,0.15105731256546512,0.24080846717424845,0.2423045499758287,0.21079684356077566,0.056179775280898875,88.88888888888889,0.42071875770240635,25.24312546214438
user5,94,5.166414726173632,0.1604260633576591,0.1300193445382694,0.1275585568868197,0.25378660585635376,0.19495792799098519,0.20933613415594335,0.0,77.77777777777779,0.4946567291017307,29.67940374610384
user5,93,4.328648301027534,0.1504003081405372,0.13111388837573928,0.18682185666901724,0.2946553099633067,0.23270497633063275,0.245195387535832,0.021505376344086023,88.88888888888889,0.4189014484865355,25.134086909192128
user5,95,3.6171000113716656,0.1515295715893016,0.14312701526745264,0.21251425458424128,0.3259256338940154,0.27856653548301535,0.2765007001584907,0.07368421052631578,88.88888888888889,0.3426726326562631,20.560357959375786
user5,95,5.338295714225809,0.14534903922170964,0.09782604881389852,0.11699384450912476,0.16936316211371344,0.18850940592745516,0.16451308199810394,0.0,100.0,0.5057332781898135,30.34399669138881
user5,81,3.667793351190228,0.15056652858339506,0.1621520425495706,0.2060774711140415,0.3204328432400714,0.27502222657203673,0.26857902845233295,0.06172839506172839,77.77777777777779,0.40753259457669205,24.451955674601525
user5,112,2.6744875501570267,0.15082187488161283,0.12120572586799551,0.5208469231923422,2.511217035697598,0.37659520501489036,1.8160867776722498,0.017857142857142856,100.0,0.2149141781376182,12.894850688257092
user5,85,3.9070071904477928,0.1474383160219354,0.12522559477969938,0.18003000473154002,0.3450845514418873,0.25813634055001394,0.2986660844552395,0.03529411764705882,77.77777777777779,0.4136831142827075,24.82098685696245
user5,97,5.555163441263468,0.15150314007165297,0.11381187664651342,0.12087142467498779,0.15949124224231828,0.18106512973705927,0.15877246661831243,0.0,100.0,0.5154275357873321,30.92565214723993
user5,62,2.0460027882938236,0.15857093107132686,0.13147267713847693,0.5509430722492498,2.2037370235889915,0.4956148491531122,1.8233091934732688,0.03225806451612903,55.55555555555556,0.29700040475232925,17.820024285139755
user5,173,8.146518612731017,0.12381944656372071,0.043723623352550485,0.1147574044890323,0.17293332523819405,0.12300628423690796,0.15683672346425065,0.023121387283236993,100.0,0.42380732667386795,25.42843960043208
user5,158,6.362157264474884,0.1572262510176628,0.12545288478759203,0.16288019790024053,0.25789996490571787,0.15768624870640457,0.2007200072261533,0.02531645569620253,88.88888888888889,0.36240136316629085,21.74408178997745
user5,59,2.990537816215099,0.18387524570737565,0.16419652407065638,0.16149262081493032,0.4039489627921765,0.33886475809689226,0.35778006201265183,0.01694915254237288,77.77777777777779,0.4561837346768795,27.37102408061277
user5,73,3.897466144520109,0.15716058124195445,0.13188015633036748,0.15129752070815475,0.32129679135138833,0.25917965173721313,0.27743070279510285,0.0136986301369863,77.77777777777779,0.48050952466686275,28.830571480011766
user5,99,5.254188845400505,0.15517578558488326,0.11586468714299017,0.13261863478907832,0.23642379007388442,0.19142090787692945,0.20924082546420597,0.010101010101010102,88.88888888888889,0.47765353140004596,28.659211884002758
user5,94,4.441853054332259,0.15089714337909033,0.12333333236379052,0.14349597500216577,0.2371106906972101,0.22660028549932665,0.21327973522736557,0.0425531914893617,100.0,0.4252838030743652,25.51702818446191
user5,69,3.3572107471307504,0.14501024782657623,0.11610567853911288,0.16931109958224827,0.27172190537639584,0.30099773056366863,0.23768661737882735,0.07246376811594203,88.88888888888889,0.43789705397357614,26.27382323841457
user5,91,4.769354864345884,0.1382054539977527,0.08643501082786531,0.12432820796966552,0.22420859722460879,0.2111581669913398,0.1904451480228826,0.04395604395604396,88.88888888888889,0.4716944371331094,28.301666227986562
user5,112,6.351275030209527,0.1506351075082455,0.11838138239023048,0.1156576734322768,0.23933478540206707,0.15820850767530836,0.18317827965880004,0.0,66.66666666666666,0.5103703149275512,30.622218895653074
user5,70,4.706361812874972,0.1701165460190683,0.15028044874080496,0.09410562423559335,0.20033827565476872,0.21446301626122516,0.14270732867504107,0.0,88.88888888888889,0.6051036616553536,36.30621969932121
user5,141,6.701432987909685,0.14875395133577543,0.12203740449081406,0.14277968490332887,0.2075561212901653,0.14976738691329955,0.17466082926456733,0.014184397163120567,66.66666666666666,0.4277510417814693,25.665062506888155
user5,22,4.829922453507358,0.15902396043141684,0.13351669613745284,0.17177661982449619,0.3865223425481335,0.21315354392642066,0.28523482911039205,0.0,0.0,1.975877367343919,118.55264204063513
user5,82,3.439531524453638,0.14296784324030723,0.12880308837044788,0.21315671185978124,0.3589577254683946,0.2933994870126983,0.31664043097595973,0.06097560975609756,88.88888888888889,0.3775095575619846,22.650573453719076
user5,72,3.802236394210939,0.16127983190245548,0.13184941539507167,0.1466388414646017,0.21801899155742427,0.2654918012484698,0.19439593223506746,0.027777777777777776,88.88888888888889,0.4752795492763674,28.516772956582045
user5,84,3.655140226542388,0.16183786759009727,0.13199137557679172,0.16398772224783897,0.28527116793101953,0.2759230194321598,0.23665642882343557,0.05952380952380952,88.88888888888889,0.3916221671295415,23.49733002777249
user5,100,6.221461724830571,0.17349639928565835,0.151397953339023,0.08779319891562828,0.18560630864892155,0.16165975609211006,0.1443167788972327,0.0,88.88888888888889,0.5599315552347515,33.59589331408509
user5,105,3.483317579773972,0.14353052667669347,0.12341523142683668,0.22960995648005236,0.4678798611396423,0.28896488363926226,0.39860679544685873,0.12380952380952381,11.11111111111111,0.29857007826634047,17.914204695980427
user5,103,3.6552466432395705,0.14918646120255993,0.1114896619782303,0.26765957425852294,0.5232912593181993,0.27551108481837255,0.4309331823227632,0.04854368932038835,88.88888888888889,0.31939048338986537,19.163429003391922
user5,98,5.830175682778551,0.16943344979915978,0.13869818300979345,0.08070174547342154,0.17913436061675672,0.17250654377888158,0.15282953183877956,0.0,66.66666666666666,0.5354242973980302,32.12545784388181
user5,67,4.436589881630362,0.17494261489724214,0.15024150540420572,0.095259978221013,0.20095584500334093,0.2278129584861524,0.1564387271726546,0.0,88.88888888888889,0.5959598348458696,35.757590090752174
user5,86,1.4244814882147019,0.16583590444765592,0.17380265118619906,0.6268368403116862,3.8115900643105793,0.7091069445890539,3.574758309894492,0.12790697674418605,88.88888888888889,0.14907364411549207,8.944418646929524
user5,122,7.136867239047863,0.15089229236949575,0.10745299883510191,0.09195435488665546,0.15587581479757512,0.14062899991500477,0.1448291658609808,0.00819672131147541,88.88888888888889,0.5264902061592686,31.589412369556115
user5,80,5.149712685521712,0.1590885335748846,0.12128347012110524,0.09412009627730758,0.18951166577276526,0.19555214990543413,0.14577495470125182,0.0125,88.88888888888889,0.5793426771211927,34.76056062727156
user5,53,3.6017598643043676,0.1879638410964102,0.18068429403644395,0.09140279201360849,0.18072042641358008,0.2813403927362882,0.10683151951698337,0.0,77.77777777777779,0.6116195995988548,36.69717597593129
user6,70,0.2771583464158315,0.1880049126488822,0.12316116563665415,3.4696066690527876,19.0058630514541,3.6583613070888794,19.00411142919,0.12857142857142856,0.035634644539178334,2.1380786723507
user6,74,2.722092377429979,0.17023595859264506,0.12022921584255596,0.277618362192522,0.462136320322211,0.3709540955007893,0.39959174130015546,0.02702702702702703,88.88888888888889,0.3310652891468893,19.86391734881336
user6,66,2.3447404243086094,0.16983839237328732,0.10624127564920104,0.2605964807363657,0.43455961808214333,0.43164727504436784,0.3864426174867442,0.07575757575757576,100.0,0.31973733058753767,19.18423983525226
user6,66,2.3447404243086094,0.17004147442904385,0.10651105204701018,0.2603902743412898,0.434697864143804,0.43164727504436784,0.3863345865363836,0.07575757575757576,66.66666666666666,0.31973733058753767,19.18423983525226
user6,57,2.531084260592561,0.18037111975929954,0.14276815988208896,0.22311483489142525,0.40942222340495615,0.3998358164514814,0.34165377584425344,0.017543859649122806,88.88888888888889,0.39964488325145703,23.97869299508742
user6,72,0.3230369799530572,0.18081636571172457,0.12625350758191467,3.1837284817840112,15.53790852074886,3.1376858899291133,15.005280872142258,0.06944444444444445,66.66666666666666,0.04037962249413215,2.422777349647929
user6,67,2.552192262513144,0.1475090210254376,0.0801882525029445,0.2518085688352585,0.5240055717122714,0.3960191842281457,0.5031706556428136,0.07462686567164178,77.77777777777779,0.34283179645698947,20.569907787419368
user6,53,2.5123022712038305,0.17089230609389972,0.10424981252664393,0.2315172186264625,0.3798967089081537,0.4034930146657504,0.3390405455001132,0.0,88.88888888888889,0.4266173668081976,25.597042008491858
user6,63,2.5378195507525776,0.17638726083059159,0.12226119228902763,0.22116229995604483,0.35922322362670495,0.39781707717526343,0.31510242567530633,0.07936507936507936,77.77777777777779,0.3625456501075111,21.752739006450668
user6,71,2.5945520134148516,0.1730635166168213,0.11485191276361031,0.2536873509806971,0.44929640328147497,0.38934499195643835,0.3911247680221891,0.07042253521126761,100.0,0.3288868749399108,19.73321249639465
user6,58,2.6763807321331043,0.18737356827176851,0.1384002887164893,0.1895331625352826,0.2936451654450906,0.37878582352086115,0.24380150909607204,0.034482758620689655,100.0,0.41530045843444724,24.918027506066835
user6,68,2.8997296386590072,0.16875269918730765,0.09985248780811573,0.18099345794090857,0.30879320061189447,0.34822820905429214,0.2626589682559778,0.08823529411764706,88.88888888888889,0.38378774629310386,23.027264777586232
user6,60,2.2783426275020275,0.1769137700398763,0.10500498077661678,0.266442484774832,0.43683916473411516,0.44507785974922826,0.40664075370737,0.05,77.77777777777779,0.34175139412530414,20.505083647518248
user6,86,3.5604253671682877,0.1781903642122863,0.10750221335039419,0.1996071457862854,0.3726723729437344,0.2827419196858126,0.31671974701588534,0.046511627906976744,100.0,0.372602654703658,22.35615928221948
user6,71,2.807372979690222,0.18632325818461756,0.11798456714501443,0.21227290982105693,0.4003646927335887,0.3593685286385672,0.35686454190563993,0.056338028169014086,88.88888888888889,0.3558641805241126,21.351850831446757
user6,64,2.58036829796049,0.18633916601538658,0.13163924844670796,0.2043961002713158,0.39929477323097695,0.3917305620889815,0.3403321948226685,0.078125,88.88888888888889,0.3628642919006939,21.771857514041635
user6,67,2.4422390468458013,0.18163969623508738,0.11063237538731995,0.23127245903015137,0.3579242297588714,0.4137927040909276,0.3217702333003078,0.1044776119402985,88.88888888888889,0.32806196151660016,19.68371769099601
user6,63,2.2692877409787315,0.1982487988850427,0.11219839180730043,0.24632807316318636,0.5675182843017138,0.4456529924946447,0.5363612298617005,0.07936507936507936,88.88888888888889,0.32418396299696167,19.4510377798177
user6,54,2.4298491244896088,0.20298463768429226,0.13300889336779967,0.2124987098405946,0.42266444409177334,0.4163695641283719,0.3744695025643412,0.0,88.88888888888889,0.40497485408160144,24.298491244896088
user6,63,2.5009890666347414,0.2008892884330144,0.1482953474713115,0.20216143515802198,0.4769106257085323,0.4043329608055853,0.429559176785722,0.07936507936507936,100.0,0.3572841523763916,21.437049142583497
user6,70,2.624743497478885,0.19394607110456988,0.11062991806509832,0.26964895372037534,0.6362507297903219,0.38452389620352484,0.5537697631894191,0.014285714285714285,100.0,0.33746702110442806,20.248021266265685
user6,89,3.5514444334739483,0.22344241376783028,0.20880488070267605,0.1589563528696696,0.44493803143213273,0.2834568917751312,0.33203456552692967,0.06741573033707865,66.66666666666666,0.3591348303512981,21.548089821077888
user6,64,2.5449005743681097,0.24243525522095816,0.20422582097021402,0.19704049717296254,0.6023344994679368,0.3973912057422456,0.48624964956957195,0.015625,77.77777777777779,0.3578766432705154,21.472598596230924
user6,65,2.82883691266135,0.22892396073592336,0.1798136895537656,0.15524365646498545,0.5420010023507719,0.356802761554718,0.44713480505628606,0.03076923076923077,66.66666666666666,0.3916851109838792,23.501106659032754
user6,56,1.633680752587703,0.19479018024035863,0.1319422543190801,0.42491223595359107,1.5757154378057727,0.6213168187574907,1.5617630379926535,0.017857142857142856,100.0,0.2625558352373094,15.753350114238565
user6,61,2.5186087156756964,0.19177345369682938,0.14774228840819878,0.2086923360824585,0.6233539491649596,0.40193152030309043,0.5880760414515167,0.06557377049180328,88.88888888888889,0.3715980072308404,22.295880433850424
user6,59,2.8260245058084523,0.1878835360209147,0.13781357943741185,0.19034198095213692,0.4598576549451979,0.3576052641046458,0.40301039164962255,0.01694915254237288,77.77777777777779,0.43108848393688254,25.865309036212953
user6,61,2.6787291234481376,0.1793742687975774,0.12629810788805443,0.1971693714459737,0.3858983595483651,0.37778440713882444,0.3099039438313447,0.06557377049180328,100.0,0.3952223296890695,23.71333978134417
user6,59,2.6605966548448,0.18122765169305316,0.1264478990869358,0.1979835444483264,0.39057941526195866,0.3804297077244726,0.32904326516743987,0.05084745762711865,100.0,0.4058537270102237,24.35122362061342
user6,53,3.4741805166083104,0.1874505618833146,0.13264426949874736,0.10231762207471408,0.2787591530747407,0.2913195857634911,0.21924661150077365,0.0,100.0,0.5899551820655621,35.39731092393372
user6,65,2.693199710679583,0.18637236081636868,0.1455625073421316,0.18782277032732964,0.4855428746047255,0.37467214837670326,0.4341851884710289,0.09230769230769231,100.0,0.3729045753248653,22.37427451949192
user6,53,3.3909376931491386,0.20232322081080023,0.14500288608038864,0.09436085132452157,0.2242091321881905,0.29850064332668597,0.161471702391927,0.0,88.88888888888889,0.5758196082706084,34.549176496236505
user6,64,2.0892150556814735,0.20664986222982407,0.12950436142440233,0.27631624539693195,0.7583493859453659,0.48432876193334184,0.7401994500431106,0.078125,55.55555555555556,0.29379586720520723,17.627752032312433
user6,65,2.7382544619334785,0.21031682674701396,0.16834449426081874,0.15729931741952896,0.3453557449957199,0.3693310134112835,0.29197646282497425,0.07692307692307693,88.88888888888889,0.37914292549848166,22.7485755299089
user6,60,1.7272839043489292,0.2214826504389445,0.26966079259216663,0.36351963221016576,1.5424095324368314,0.5869579436415333,1.4870981206664138,0.05,66.66666666666666,0.2590925856523394,15.545555139140363
user6,83,4.075096431527219,0.21551532041831095,0.17342695331695046,0.09227554798126221,0.27217094414706533,0.2479953794944577,0.19749657164608833,0.04819277108433735,88.88888888888889,0.4418779263101803,26.512675578610818
user6,68,2.1279849211659516,0.19090009787503412,0.16790480797074442,0.28319264169949204,0.5305107928167894,0.4743492745641452,0.45334625492265906,0.14705882352941177,33.33333333333333,0.2816450630954936,16.898703785729616
user6,62,3.0949950900797902,0.21327517494078604,0.14985182835763888,0.11162755919284507,0.25447301465682287,0.3262266643711778,0.16859515451211762,0.06451612903225806,100.0,0.4492734808180341,26.956408849082045
user6,78,3.2380777597608374,0.20434537739820882,0.16462743518174355,0.12678959369659423,0.2997182960799323,0.3112490610642867,0.2273775055694694,0.11538461538461539,77.77777777777779,0.37362435689548124,22.417461413728873
user6,64,2.91016869225165,0.19737495481967926,0.1460329788951191,0.1485691297621954,0.33601321643111515,0.34717361510746064,0.28103551626185114,0.078125,100.0,0.40924247234788824,24.554548340873296
user6,58,2.871980194203389,0.18930441346661797,0.1373810718979101,0.16167490105879934,0.5003932974704534,0.3521583373086494,0.45460131590704306,0.05172413793103448,88.88888888888889,0.4456520991005259,26.739125946031553
user6,63,3.0662523809217133,0.19606457437787736,0.13921720411927566,0.1321642860289543,0.27192687570972224,0.32964987908640214,0.2020487905676543,0.07936507936507936,100.0,0.43803605441738763,26.28216326504326
user6,144,4.326155485343426,0.18119160558136416,0.11672775560981656,0.24360197612217493,0.5462236152519798,0.23207062107699733,0.39987496277115847,0.05555555555555555,88.88888888888889,0.2703847178339641,16.22308307003785
user6,72,2.803305594128857,0.18174327782222202,0.11902941965651974,0.17990036978237872,0.47021243691762576,0.3603561193170682,0.41830031907271076,0.1111111111111111,100.0,0.35041319926610714,21.02479195596643
user6,68,0.559255523574524,0.1902845396715052,0.14034365432679138,1.6216547382411672,10.946971058962017,1.8128010230277902,10.9331051425233,0.08823529411764706,100.0,0.07401911341427524,4.441146804856515
user6,66,3.3143725400136783,0.19562860519166977,0.14315883377733124,0.11312656248769452,0.29561033361775946,0.304141327051016,0.2477141012958791,0.06060606060606061,88.88888888888889,0.45195989182004703,27.117593509202823
user6,69,3.1086943606131086,0.20485817302357068,0.1554230955120713,0.18472120496961805,0.39988805752130147,0.32522467304678526,0.3515647005163437,0.014492753623188406,66.66666666666666,0.40548187312344897,24.328912387406938
user6,57,2.171705132236109,0.19057230363812364,0.1340428131585644,0.27471492545945303,0.6206398707313744,0.4669554446424757,0.5592433286539483,0.03508771929824561,77.77777777777779,0.34290081035306985,20.57404862118419
user6,55,2.4975002177995362,0.19997692108154297,0.148300793541424,0.20413498966782181,0.4619251605777427,0.4057478330753468,0.39454910597309223,0.01818181818181818,100.0,0.40868185382174227,24.520911229304538
user6,58,3.571909330188682,0.19938776178180045,0.15448665778196533,0.08745737717701839,0.24523448024811292,0.28248055775960285,0.17350618699043407,0.0,88.88888888888889,0.5542617926154851,33.25570755692911
user6,75,2.951453640607287,0.21516199697527968,0.1680715468676036,0.21551509414400374,0.5963407716290245,0.34307866160934036,0.48947198274954257,0.02666666666666667,88.88888888888889,0.3541744368728745,21.25046621237247
user6,60,2.3827383854538513,0.1874083121617635,0.14175611055211537,0.23621376894288143,0.4620474041785989,0.4242404072971667,0.3901591021825184,0.05,100.0,0.3574107578180777,21.444645469084662
user6,53,2.6720371985354805,0.19309458642635705,0.13858459066956624,0.1846353870171767,0.4103228468309575,0.3787580086634709,0.353400165984033,0.0,100.0,0.45374216578904386,27.22452994734263
user6,66,3.334984706002982,0.18716334539746482,0.12904583075287435,0.11974645814587993,0.2568408405017942,0.3025086733011099,0.18969871784526865,0.07575757575757576,88.88888888888889,0.45477064172767934,27.286238503660762
user6,75,3.124280905084909,0.18779778480529785,0.1266347685261358,0.17187818884849548,0.3707871611290209,0.3220206885724454,0.3124672879647127,0.05333333333333334,66.66666666666666,0.3749137086101891,22.494822516611343
user6,59,2.8335097445433393,0.19888669353420452,0.1720819547430557,0.15668824212304477,0.342728041658976,0.35678822829805573,0.25710554418109927,0.05084745762711865,88.88888888888889,0.4322303000150856,25.933818000905138
user6,55,3.7240329197632307,0.20890880064530806,0.17579134608524738,0.06072131351188377,0.1968711073306585,0.27144304469779684,0.09845806086315746,0.01818181818181818,88.88888888888889,0.609387205052165,36.5632323031299
user6,121,3.1676035552326978,0.1635861942567021,0.09419708139374837,0.27306864610532433,0.4447054686145393,0.31721270879109703,0.3863166932530796,0.11570247933884298,88.88888888888889,0.23560687600904365,14.136412560542619
user6,77,2.981273326232009,0.16875899027264307,0.09806769755666242,0.22195899486541748,0.42801710413148264,0.3381506737909819,0.36669462254958796,0.06493506493506493,88.88888888888889,0.34846051865049454,20.907631119029674
user6,83,2.7182052622258155,0.18958839163722763,0.1583221934174774,0.18047581940162472,0.36491364474220217,0.37043893918758486,0.298145929970187,0.1566265060240964,100.0,0.2947451489160523,17.684708934963137
user6,79,2.8251436046387055,0.19162329560831973,0.14112492205128496,0.1709305731455485,0.3449355313870296,0.35682186713585484,0.2821457799051349,0.13924050632911392,100.0,0.3218518030601057,19.31110818360634
user6,120,1.173005375031985,0.1927204228410817,0.1661412955598834,0.837081563716032,2.4496194620351535,0.8587787291582893,2.2491410140012915,0.16666666666666666,100.0,0.08797540312739888,5.278524187643932
user6,57,2.5156260384210145,0.262265121727659,0.5285617269310421,0.13766542502811976,0.5638688959069706,0.40252064381326946,0.48068562170137685,0.03508771929824561,100.0,0.3972041113296339,23.832246679778034
user6,61,2.9628118410964794,0.20283608749264576,0.2133981668323141,0.1369258125623067,0.3177769443005521,0.3412778973579407,0.20069289490189993,0.06557377049180328,100.0,0.43713617327652976,26.228170396591786
user6,66,2.6047076638234223,0.1622236178471492,0.10360686126084213,0.22313501685857773,0.3763237756852007,0.387912471477802,0.33388241594729223,0.07575757575757576,100.0,0.355187408703194,21.31124452219164
user6,67,2.8221006207331825,0.17796440622699794,0.11049448920684615,0.17905401822292444,0.24595764387865218,0.35811772129752417,0.20977272514291798,0.07462686567164178,100.0,0.3790881430835618,22.745288585013707
user6,82,2.6266841388463815,0.188575730091188,0.14319034456560306,0.1945044023019296,0.432771877606656,0.3842963259897114,0.38876097269321347,0.15853658536585366,77.77777777777779,0.28829460060509066,17.29767603630544
user6,66,2.632178615752054,0.1808854377630985,0.11645199334116627,0.2020899589245136,0.33520260461755114,0.3837612225459172,0.286097396728223,0.09090909090909091,100.0,0.35893344760255286,21.536006856153172
user6,53,3.201342184550808,0.21101846784915565,0.1623844691750966,0.10329956274766189,0.2795337444300118,0.3160539177747873,0.2047586482244003,0.0,100.0,0.5436241445463635,32.61744867278181
user6,80,4.205030401800433,0.18472288738597523,0.10854408702195854,0.14006939199235705,0.29338676275689957,0.2394983466667465,0.24539046295287392,0.0125,100.0,0.4730659202025487,28.38395521215292
user6,63,3.2353115427121093,0.18619621009157414,0.1318863639374672,0.13736558386257716,0.3303976207483252,0.31205977547553276,0.27058236291373505,0.015873015873015872,77.77777777777779,0.46218736324458704,27.73124179467522
user6,59,2.654619680824445,0.19957192873550675,0.14082866293430107,0.18018382993237725,0.4042978680037853,0.3815071623900841,0.35692029238191875,0.05084745762711865,100.0,0.4049419852105086,24.296519112630516
user6,58,3.054774741822987,0.2070183959500543,0.16240563408295688,0.12244917635332074,0.2644856166835478,0.3322499425787675,0.19255666661597146,0.034482758620689655,100.0,0.4740167702828773,28.44100621697264
user6,117,3.285071751883902,0.1764810609293508,0.12085860809774504,0.20233332580990263,0.34256693547038836,0.3059673884819294,0.29303517604520973,0.15384615384615385,100.0,0.25269782706799243,15.161869624079547
user6,66,2.8558342748273344,0.19358470326378233,0.16404335678344575,0.16673010395419213,0.39391544968939873,0.35535912880530723,0.32343278705528994,0.07575757575757576,100.0,0.3894319465673638,23.365916794041826
user6,57,2.910941352395623,0.18109229991310521,0.11754826463039762,0.16533988288470677,0.32238647594390796,0.34748890144484385,0.26330990219700845,0.03508771929824561,100.0,0.4596223187993089,27.577339127958535
user6,63,2.908334087544371,0.1715415016053215,0.11809780073956669,0.17507694998095114,0.27467456663488393,0.34813830929417766,0.21549460525900513,0.06349206349206349,100.0,0.4154762982206244,24.928577893237463
user6,63,3.0696853168056175,0.19074655732800883,0.16356142771590246,0.1379551770257168,0.28786728494080416,0.3293501984688543,0.19476591627548193,0.07936507936507936,88.88888888888889,0.43852647382937393,26.311588429762438
user6,61,3.018729303518645,0.19487356357887142,0.1584623789375414,0.1386648416519165,0.2955778288932491,0.33504596948623655,0.21149028478746668,0.06557377049180328,100.0,0.4453862906830787,26.723177440984724
user6,98,3.949407450223357,0.17011235157648721,0.1079990480671713,0.14445775999149807,0.30941546236394435,0.254346958140737,0.25977823469328815,0.09183673469387756,100.0,0.36270068420418583,21.76204105225115
user6,100,3.978326351389734,0.18133332541114405,0.14847494159918373,0.12778013865152996,0.2792392138924751,0.25260815716753104,0.21760296542460247,0.11,88.88888888888889,0.35804937162507605,21.482962297504564
user6,66,1.7509821852544087,0.18274451385844837,0.12641545206714577,0.394338347361638,0.9089385872281353,0.5777766484480638,0.8802490356496906,0.09090909090909091,100.0,0.23877029798923755,14.326217879354253
user6,78,2.1780477511205767,0.19448706736931434,0.19797899860599413,0.26807656845489103,0.8244313354376646,0.46350006933336135,0.7799114219237646,0.15384615384615385,100.0,0.25131320205237423,15.078792123142454
user6,59,2.5721879949519977,0.1979927472900926,0.13848965200081712,0.19814062970025198,0.8103625982222756,0.3938216834232725,0.7684855339753643,0.03389830508474576,100.0,0.3923676602469149,23.542059614814892
user6,100,4.238266521442963,0.19346320445720966,0.19430980077497198,0.13888657838106155,0.31156279511083973,0.23706438324668191,0.24448258758427752,0.04,77.77777777777779,0.38144398692986664,22.886639215792
user6,124,6.718525840679461,0.18861645572590377,0.14252549171751375,0.09930157661437988,0.22464307254408128,0.1490104838115413,0.1663662940682992,0.0,100.0,0.4876349400493157,29.25809640295894
user6,61,2.788498152933974,0.18284324407577515,0.12168165569108248,0.17629917193267305,0.2869804160849376,0.3624439835548401,0.24897570526015864,0.04918032786885246,88.88888888888889,0.41141776026894694,24.685065616136818
user6,81,2.644816895744802,0.18231753900017536,0.13308544337337197,0.2342247724533081,0.5774769649434249,0.38155857026576995,0.5134770036303709,0.09876543209876543,77.77777777777779,0.2938685439716447,17.632112638298683
user6,65,1.7589797080288543,0.16781124100089073,0.124939623506635,0.40813446044921875,1.5923136031235405,0.5759710557758808,1.5548550426916876,0.07692307692307693,88.88888888888889,0.2435510364963029,14.613062189778173
user6,83,3.140606068807362,0.15750575756681137,0.09581328691283117,0.2078934767666985,0.3308258416313787,0.3209019724915667,0.2867200408493454,0.0963855421686747,100.0,0.34054764601525617,20.43285876091537
user6,78,2.6718310111867116,0.18490104993184409,0.13953881525962128,0.19925149711402687,0.3853488374590004,0.3768646035875593,0.32510033089230983,0.1282051282051282,100.0,0.3082881935984667,18.497291615908004
user6,56,2.5082146555086626,0.1825961172580719,0.12355364085795213,0.2200228214263916,0.42920430427420836,0.4024847940965132,0.37668796402540106,0.07142857142857142,22.22222222222222,0.4031059267781779,24.186355606690675
user6,76,2.349764793609136,0.17689621448516846,0.1275970939503491,0.2519940058390299,0.39309872896241105,0.42844242095947266,0.3402662657750724,0.14473684210526316,100.0,0.27826162029581875,16.695697217749125
user6,65,2.8959666074350703,0.18799544847928562,0.13631369746050434,0.1597704067826271,0.3135664009461837,0.3493417501449585,0.2504966167387991,0.09230769230769231,100.0,0.40097999179870203,24.05879950792212
user6,60,2.878704679530416,0.21851733128229778,0.26077710626902284,0.13104521622092036,0.44339621390343537,0.35100794242600264,0.32557034214765096,0.05,100.0,0.43180570192956236,25.908342115773742
user6,74,2.474089537732647,0.18169518419214198,0.1271798731746099,0.22554176800871548,0.40680505117051335,0.40706905600142806,0.35564652060757934,0.13513513513513514,88.88888888888889,0.3009027816161327,18.054166896967963
user6,81,2.6304062959796966,0.17629565132988823,0.13599179915630802,0.20642217695713044,0.4098135895041074,0.38183478713035585,0.35038924311166425,0.16049382716049382,100.0,0.29226736621996624,17.536041973197975
user6,80,2.4746826205455603,0.18782272636890412,0.13846569032140799,0.21900708464127552,0.41509293548638654,0.40740613997737063,0.3591150637545117,0.1625,100.0,0.27840179481137556,16.704107688682534
user6,62,2.397479301841509,0.1852132910389011,0.11637443778273782,0.24752412171199403,0.6049588455705075,0.4218619885991831,0.5454786533416723,0.04838709677419355,100.0,0.3480211889769932,20.88127133861959
user6,57,3.179850050408019,0.1731780453732139,0.12770702230022715,0.14382544585636683,0.3102308410988335,0.31847905686923433,0.24511083082671098,0.03508771929824561,100.0,0.5020815869065294,30.124895214391763